transaction_id,date,time,customer_name,customer_type,cut_type,chickens_count,live_weight_kg,carcass_weight_kg,weight_loss_kg,yield_ratio,price_per_kg,cogs_rp,revenue_rp,gross_profit_rp,payment_method,payment_status
TRX-20260601-0001,2026-06-01,04:07,Pecel Lele & Ayam Lamongan Cak Har,Langganan,Potong 8,11,22.25,15.91,6.34,0.715,36500,489500,580715,91215,Tempo_3H,Belum Lunas
TRX-20260601-0002,2026-06-01,03:02,Eceran Umum,Umum,Karkas Utuh,2,4.12,3.12,1.0,0.757,35000,90640,109200,18560,Tunai,Lunas
TRX-20260601-0003,2026-06-01,10:32,Eceran Umum,Umum,Potong 4,2,3.41,2.42,0.99,0.711,35000,75020,84700,9680,Tunai,Lunas
TRX-20260601-0004,2026-06-01,04:27,Warung Padang Roda Jaya,Langganan,Campur,19,38.53,28.86,9.67,0.749,35000,847660,1010100,162440,Tempo_7H,Lunas
TRX-20260601-0005,2026-06-01,05:02,Warung Padang Roda Jaya,Langganan,Fillet Dada,11,20.74,14.79,5.95,0.713,48000,456279,709920,253641,Tempo_7H,Belum Lunas
TRX-20260601-0006,2026-06-01,07:08,Warung Nasi Sunda Ibu Imas,Langganan,Karkas Utuh,6,12.85,9.41,3.44,0.732,35000,282700,329350,46650,Tempo_7H,Lunas
TRX-20260601-0007,2026-06-01,03:13,Warung Padang Roda Jaya,Langganan,Potong 8,22,46.89,34.04,12.85,0.726,36500,1031580,1242460,210880,Tempo_7H,Belum Lunas
TRX-20260601-0008,2026-06-01,04:17,Warung Padang Roda Jaya,Langganan,Fillet Dada,6,11.99,9.06,2.93,0.756,48000,263780,434880,171100,Tempo_7H,Belum Lunas
TRX-20260601-0009,2026-06-01,05:59,Eceran Umum,Umum,Karkas Utuh,2,4.24,3.17,1.07,0.747,35000,93280,110950,17670,Tunai,Lunas
TRX-20260601-0010,2026-06-01,05:24,Warung Padang Roda Jaya,Langganan,Potong 4,32,62.02,44.96,17.06,0.725,35000,1364440,1573600,209160,Tempo_7H,Lunas
TRX-20260601-0011,2026-06-01,05:00,Eceran Umum,Umum,Karkas Utuh,2,3.41,2.46,0.95,0.72,35000,75020,86100,11080,Tunai,Lunas
TRX-20260601-0012,2026-06-01,07:58,Bakso Solo Mas Mul,Langganan,Karkas Utuh,11,23.38,17.68,5.7,0.756,35000,514360,618800,104440,Tempo_7H,Belum Lunas
TRX-20260601-0013,2026-06-01,03:54,Eceran Umum,Umum,Potong 4,2,4.07,3.01,1.06,0.74,35000,89540,105349,15809,Tunai,Lunas
TRX-20260601-0014,2026-06-01,05:34,Eceran Umum,Umum,Karkas Utuh,2,4.25,3.17,1.08,0.746,35000,93500,110950,17450,Tunai,Lunas
TRX-20260601-0015,2026-06-01,04:26,Eceran Umum,Umum,Potong 8,1,1.76,1.29,0.47,0.732,36500,38720,47085,8365,Tunai,Lunas
TRX-20260601-0016,2026-06-01,08:48,Eceran Umum,Umum,Potong 4,2,4.1,2.94,1.16,0.717,35000,90199,102900,12701,Tunai,Lunas
TRX-20260601-0017,2026-06-01,05:28,Depot Mie Pangsit 88,Langganan,Potong 4,11,21.39,15.36,6.03,0.718,35000,470580,537600,67020,Tempo_3H,Belum Lunas
TRX-20260601-0018,2026-06-01,06:05,Pecel Lele & Ayam Lamongan Cak Har,Langganan,Potong 8,16,30.29,22.87,7.42,0.755,36500,666380,834755,168375,Tempo_3H,Belum Lunas
TRX-20260601-0019,2026-06-01,08:38,Pecel Lele & Ayam Lamongan Cak Har,Langganan,Campur,5,9.57,7.0,2.57,0.731,35000,210540,245000,34460,Tempo_3H,Belum Lunas
TRX-20260601-0020,2026-06-01,03:07,Ayam Geprek Sambal Bawang,Langganan,Potong 8,34,64.98,46.53,18.45,0.716,36500,1429560,1698345,268785,Tunai,Belum Lunas
TRX-20260601-0021,2026-06-01,04:31,Warung Nasi Sunda Ibu Imas,Langganan,Potong 8,24,47.56,36.1,11.46,0.759,36500,1046320,1317650,271330,Tempo_7H,Belum Lunas
TRX-20260602-0022,2026-06-02,04:48,Warung Padang Roda Jaya,Langganan,Campur,31,65.25,47.96,17.29,0.735,35000,1435500,1678600,243100,Tempo_7H,Lunas
TRX-20260602-0023,2026-06-02,08:18,Eceran Umum,Umum,Potong 12,1,1.94,1.47,0.47,0.759,36500,42680,53655,10975,Tunai,Lunas
TRX-20260602-0024,2026-06-02,06:10,Eceran Umum,Umum,Potong 4,1,2.06,1.5,0.56,0.728,35000,45320,52500,7180,Tunai,Lunas
TRX-20260602-0025,2026-06-02,06:10,Katering Berkah Ibu,Langganan,Fillet Dada,20,44.35,32.2,12.15,0.726,48000,975700,1545600,569900,Tempo_14H,Lunas
TRX-20260602-0026,2026-06-02,05:58,Eceran Umum,Umum,Potong 4,2,3.91,2.82,1.09,0.721,35000,86020,98700,12680,Tunai,Lunas
TRX-20260602-0027,2026-06-02,03:32,Katering Berkah Ibu,Langganan,Potong 8,11,24.95,17.89,7.06,0.717,36500,548900,652985,104085,Tempo_14H,Belum Lunas
TRX-20260602-0028,2026-06-02,08:29,Eceran Umum,Umum,Potong 12,1,2.03,1.52,0.51,0.751,36500,44659,55480,10821,Tunai,Lunas
TRX-20260602-0029,2026-06-02,05:01,Depot Mie Pangsit 88,Langganan,Campur,34,76.45,57.72,18.73,0.755,35000,1681900,2020200,338300,Tempo_3H,Belum Lunas
TRX-20260602-0030,2026-06-02,04:47,Eceran Umum,Umum,Fillet Dada,2,4.29,3.21,1.08,0.749,48000,94380,154080,59700,Tunai,Lunas
TRX-20260602-0031,2026-06-02,03:07,Katering Berkah Ibu,Langganan,Fillet Dada,12,25.24,17.92,7.32,0.71,48000,555280,860160,304880,Tempo_14H,Lunas
TRX-20260602-0032,2026-06-02,03:45,Katering Berkah Ibu,Langganan,Potong 8,26,52.63,40.0,12.63,0.76,36500,1157860,1460000,302140,Tempo_14H,Lunas
TRX-20260602-0033,2026-06-02,05:47,Eceran Umum,Umum,Potong 12,2,4.14,3.09,1.05,0.746,36500,91080,112785,21705,Tunai,Lunas
TRX-20260602-0034,2026-06-02,05:58,Eceran Umum,Umum,Potong 4,1,1.83,1.35,0.48,0.739,35000,40260,47250,6990,Tunai,Lunas
TRX-20260602-0035,2026-06-02,05:07,Warung Nasi Sunda Ibu Imas,Langganan,Potong 12,6,11.85,8.79,3.06,0.742,36500,260700,320834,60134,Tempo_7H,Belum Lunas
TRX-20260602-0036,2026-06-02,04:47,Ayam Geprek Sambal Bawang,Langganan,Potong 4,7,15.29,10.89,4.4,0.712,35000,336380,381150,44770,Tunai,Belum Lunas
TRX-20260602-0037,2026-06-02,04:05,Warung Padang Roda Jaya,Langganan,Potong 4,13,29.59,21.51,8.08,0.727,35000,650980,752850,101870,Tempo_7H,Belum Lunas
TRX-20260602-0038,2026-06-02,10:51,Depot Mie Pangsit 88,Langganan,Potong 4,25,47.39,34.26,13.13,0.723,35000,1042580,1199100,156520,Tempo_3H,Belum Lunas
TRX-20260602-0039,2026-06-02,04:53,Eceran Umum,Umum,Potong 12,2,3.47,2.5,0.97,0.72,36500,76340,91250,14910,Tunai,Lunas
TRX-20260602-0040,2026-06-02,04:26,Katering Berkah Ibu,Langganan,Potong 4,30,65.11,48.51,16.6,0.745,35000,1432420,1697850,265430,Tempo_14H,Belum Lunas
TRX-20260602-0041,2026-06-02,04:54,Eceran Umum,Umum,Potong 8,2,4.27,3.23,1.04,0.756,36500,93939,117895,23956,Tunai,Lunas
TRX-20260602-0042,2026-06-02,05:44,Warung Padang Roda Jaya,Langganan,Karkas Utuh,12,25.81,19.36,6.45,0.75,35000,567820,677600,109780,Tempo_7H,Belum Lunas
TRX-20260603-0043,2026-06-03,05:31,Eceran Umum,Umum,Potong 8,2,3.73,2.68,1.05,0.718,36500,82060,97820,15760,Tunai,Lunas
TRX-20260603-0044,2026-06-03,07:57,Warung Nasi Sunda Ibu Imas,Langganan,Karkas Utuh,24,43.67,31.66,12.01,0.725,35000,960740,1108100,147360,Tempo_7H,Belum Lunas
TRX-20260603-0045,2026-06-03,07:59,Eceran Umum,Umum,Potong 4,1,1.93,1.45,0.48,0.752,35000,42460,50750,8290,Tunai,Lunas
TRX-20260603-0046,2026-06-03,05:34,Eceran Umum,Umum,Potong 12,2,3.53,2.68,0.85,0.758,36500,77660,97820,20160,Tunai,Lunas
TRX-20260603-0047,2026-06-03,03:55,Bakso Solo Mas Mul,Langganan,Potong 4,32,69.5,50.25,19.25,0.723,35000,1529000,1758750,229750,Tempo_7H,Lunas
TRX-20260603-0048,2026-06-03,05:11,Eceran Umum,Umum,Potong 8,2,4.32,3.16,1.16,0.732,36500,95040,115340,20300,Tunai,Lunas
TRX-20260603-0049,2026-06-03,03:24,Eceran Umum,Umum,Potong 12,1,2.02,1.49,0.53,0.736,36500,44440,54385,9945,Tunai,Lunas
TRX-20260603-0050,2026-06-03,05:28,Katering Berkah Ibu,Langganan,Potong 8,16,33.33,23.93,9.4,0.718,36500,733260,873445,140185,Tempo_14H,Lunas
TRX-20260603-0051,2026-06-03,03:46,Eceran Umum,Umum,Karkas Utuh,2,4.38,3.15,1.23,0.719,35000,96360,110250,13890,Tunai,Lunas
TRX-20260603-0052,2026-06-03,07:20,Eceran Umum,Umum,Potong 8,1,1.93,1.43,0.5,0.742,36500,42460,52195,9735,Tunai,Lunas
TRX-20260603-0053,2026-06-03,09:35,Eceran Umum,Umum,Karkas Utuh,1,1.71,1.29,0.42,0.757,35000,37620,45150,7530,Tunai,Lunas
TRX-20260603-0054,2026-06-03,05:44,Warung Padang Roda Jaya,Langganan,Karkas Utuh,28,63.61,48.15,15.46,0.757,35000,1399420,1685250,285830,Tempo_7H,Belum Lunas
TRX-20260603-0055,2026-06-03,07:11,Katering Berkah Ibu,Langganan,Potong 8,32,59.66,44.8,14.86,0.751,36500,1312520,1635200,322680,Tempo_14H,Belum Lunas
TRX-20260603-0056,2026-06-03,07:39,Depot Mie Pangsit 88,Langganan,Campur,16,30.99,22.34,8.65,0.721,35000,681780,781900,100120,Tempo_3H,Belum Lunas
TRX-20260603-0057,2026-06-03,06:22,Eceran Umum,Umum,Karkas Utuh,2,3.79,2.82,0.97,0.744,35000,83380,98700,15320,Tunai,Lunas
TRX-20260603-0058,2026-06-03,04:06,Eceran Umum,Umum,Karkas Utuh,1,1.87,1.42,0.45,0.757,35000,41140,49700,8560,Tunai,Lunas
TRX-20260603-0059,2026-06-03,05:56,Eceran Umum,Umum,Potong 8,1,2.08,1.56,0.52,0.75,36500,45760,56940,11180,Tunai,Lunas
TRX-20260603-0060,2026-06-03,05:17,Warung Nasi Sunda Ibu Imas,Langganan,Potong 4,28,62.54,46.15,16.39,0.738,35000,1375880,1615250,239370,Tempo_7H,Lunas
TRX-20260603-0061,2026-06-03,06:34,Katering Berkah Ibu,Langganan,Karkas Utuh,21,43.41,31.91,11.5,0.735,35000,955019,1116850,161831,Tempo_14H,Belum Lunas
TRX-20260603-0062,2026-06-03,03:35,Eceran Umum,Umum,Karkas Utuh,1,2.12,1.54,0.58,0.728,35000,46640,53900,7260,Tunai,Lunas
TRX-20260603-0063,2026-06-03,06:51,Warung Nasi Sunda Ibu Imas,Langganan,Potong 8,19,34.99,25.02,9.97,0.715,36500,769780,913230,143450,Tempo_7H,Belum Lunas
TRX-20260604-0064,2026-06-04,07:22,Katering Berkah Ibu,Langganan,Fillet Dada,11,20.3,14.92,5.38,0.735,48000,446600,716160,269560,Tempo_14H,Lunas
TRX-20260604-0065,2026-06-04,05:22,Warung Padang Roda Jaya,Langganan,Potong 8,15,27.88,19.99,7.89,0.717,36500,613360,729635,116275,Tempo_7H,Belum Lunas
TRX-20260604-0066,2026-06-04,03:06,Depot Mie Pangsit 88,Langganan,Potong 8,12,22.04,16.55,5.49,0.751,36500,484880,604075,119195,Tempo_3H,Belum Lunas
TRX-20260604-0067,2026-06-04,03:18,Eceran Umum,Umum,Potong 8,1,1.89,1.42,0.47,0.751,36500,41580,51830,10250,Tunai,Lunas
TRX-20260604-0068,2026-06-04,10:03,Warung Nasi Sunda Ibu Imas,Langganan,Potong 4,32,58.94,44.15,14.79,0.749,35000,1296680,1545250,248570,Tempo_7H,Belum Lunas
TRX-20260604-0069,2026-06-04,08:38,Eceran Umum,Umum,Potong 8,1,1.71,1.25,0.46,0.733,36500,37620,45625,8005,Tunai,Lunas
TRX-20260604-0070,2026-06-04,03:40,Eceran Umum,Umum,Potong 12,1,1.99,1.51,0.48,0.758,36500,43780,55115,11335,Tunai,Lunas
TRX-20260604-0071,2026-06-04,04:55,Eceran Umum,Umum,Potong 8,1,2.18,1.55,0.63,0.711,36500,47960,56575,8615,Tunai,Lunas
TRX-20260604-0072,2026-06-04,03:20,Warung Nasi Sunda Ibu Imas,Langganan,Karkas Utuh,25,57.41,40.99,16.42,0.714,35000,1263020,1434650,171630,Tempo_7H,Belum Lunas
TRX-20260604-0073,2026-06-04,05:40,Warung Nasi Sunda Ibu Imas,Langganan,Potong 4,19,38.52,28.54,9.98,0.741,35000,847440,998900,151460,Tempo_7H,Belum Lunas
TRX-20260604-0074,2026-06-04,03:11,Ayam Geprek Sambal Bawang,Langganan,Campur,20,44.9,32.91,11.99,0.733,35000,987800,1151849,164049,Tunai,Belum Lunas
TRX-20260604-0075,2026-06-04,04:25,Eceran Umum,Umum,Potong 8,2,3.98,2.84,1.14,0.714,36500,87560,103660,16100,Tunai,Lunas
TRX-20260604-0076,2026-06-04,10:53,Warung Nasi Sunda Ibu Imas,Langganan,Karkas Utuh,13,25.41,19.08,6.33,0.751,35000,559020,667799,108779,Tempo_7H,Belum Lunas
TRX-20260604-0077,2026-06-04,08:05,Eceran Umum,Umum,Campur,2,3.98,3.01,0.97,0.756,35000,87560,105349,17789,Tunai,Lunas
TRX-20260604-0078,2026-06-04,08:58,Eceran Umum,Umum,Karkas Utuh,1,1.91,1.43,0.48,0.749,35000,42020,50050,8030,Tunai,Lunas
TRX-20260604-0079,2026-06-04,10:10,Warung Padang Roda Jaya,Langganan,Potong 8,29,66.26,49.83,16.43,0.752,36500,1457720,1818795,361075,Tempo_7H,Belum Lunas
TRX-20260604-0080,2026-06-04,05:00,Warung Padang Roda Jaya,Langganan,Karkas Utuh,27,60.27,45.26,15.01,0.751,35000,1325940,1584100,258160,Tempo_7H,Belum Lunas
TRX-20260604-0081,2026-06-04,05:36,Warung Nasi Sunda Ibu Imas,Langganan,Potong 12,14,31.15,22.49,8.66,0.722,36500,685300,820885,135585,Tempo_7H,Belum Lunas
TRX-20260605-0082,2026-06-05,06:00,Warung Nasi Sunda Ibu Imas,Langganan,Potong 12,6,11.87,8.5,3.37,0.716,36500,261139,310250,49111,Tempo_7H,Belum Lunas
TRX-20260605-0083,2026-06-05,07:58,Warung Padang Roda Jaya,Langganan,Potong 4,5,10.38,7.66,2.72,0.738,35000,228360,268100,39740,Tempo_7H,Belum Lunas
TRX-20260605-0084,2026-06-05,03:46,Eceran Umum,Umum,Potong 8,1,2.01,1.5,0.51,0.745,36500,44219,54750,10531,Tunai,Lunas
TRX-20260605-0085,2026-06-05,03:59,Eceran Umum,Umum,Campur,2,3.99,2.91,1.08,0.73,35000,87780,101850,14070,Tunai,Lunas
TRX-20260605-0086,2026-06-05,08:51,Eceran Umum,Umum,Potong 8,1,2.09,1.53,0.56,0.73,36500,45980,55845,9865,Tunai,Lunas
TRX-20260605-0087,2026-06-05,08:04,Depot Mie Pangsit 88,Langganan,Fillet Dada,14,31.69,23.29,8.4,0.735,48000,697180,1117920,420740,Tempo_3H,Belum Lunas
TRX-20260605-0088,2026-06-05,10:52,Warung Padang Roda Jaya,Langganan,Potong 4,34,71.97,51.96,20.01,0.722,35000,1583340,1818600,235260,Tempo_7H,Lunas
TRX-20260605-0089,2026-06-05,03:30,Eceran Umum,Umum,Potong 8,2,4.04,2.9,1.14,0.719,36500,88880,105850,16970,Tunai,Lunas
TRX-20260605-0090,2026-06-05,08:02,Eceran Umum,Umum,Potong 8,2,3.57,2.57,1.0,0.72,36500,78540,93805,15265,Tunai,Lunas
TRX-20260605-0091,2026-06-05,03:27,Eceran Umum,Umum,Potong 4,2,3.49,2.5,0.99,0.716,35000,76780,87500,10720,Tunai,Lunas
TRX-20260605-0092,2026-06-05,04:33,Warung Padang Roda Jaya,Langganan,Karkas Utuh,30,64.36,45.82,18.54,0.712,35000,1415920,1603700,187780,Tempo_7H,Belum Lunas
TRX-20260605-0093,2026-06-05,03:29,Depot Mie Pangsit 88,Langganan,Karkas Utuh,20,36.61,26.51,10.1,0.724,35000,805420,927850,122430,Tempo_3H,Belum Lunas
TRX-20260605-0094,2026-06-05,04:14,Bakso Solo Mas Mul,Langganan,Potong 8,28,57.18,42.37,14.81,0.741,36500,1257960,1546505,288545,Tempo_7H,Belum Lunas
TRX-20260605-0095,2026-06-05,06:13,Warung Padang Roda Jaya,Langganan,Karkas Utuh,23,49.6,37.45,12.15,0.755,35000,1091200,1310750,219550,Tempo_7H,Belum Lunas
TRX-20260605-0096,2026-06-05,03:57,Warung Padang Roda Jaya,Langganan,Potong 4,23,44.19,31.95,12.24,0.723,35000,972180,1118250,146070,Tempo_7H,Belum Lunas
TRX-20260606-0097,2026-06-06,07:21,Depot Mie Pangsit 88,Langganan,Potong 4,16,30.67,22.3,8.37,0.727,35000,674740,780500,105760,Tempo_3H,Belum Lunas
TRX-20260606-0098,2026-06-06,06:17,Eceran Umum,Umum,Karkas Utuh,1,2.07,1.53,0.54,0.738,35000,45540,53550,8010,Tunai,Lunas
TRX-20260606-0099,2026-06-06,05:41,Depot Mie Pangsit 88,Langganan,Potong 4,10,22.5,16.65,5.85,0.74,35000,495000,582750,87750,Tempo_3H,Lunas
TRX-20260606-0100,2026-06-06,04:56,Warung Padang Roda Jaya,Langganan,Potong 4,26,49.73,36.2,13.53,0.728,35000,1094060,1267000,172940,Tempo_7H,Belum Lunas
TRX-20260606-0101,2026-06-06,03:29,Pecel Lele & Ayam Lamongan Cak Har,Langganan,Karkas Utuh,27,59.97,42.76,17.21,0.713,35000,1319340,1496600,177260,Tempo_3H,Lunas
TRX-20260606-0102,2026-06-06,10:05,Katering Berkah Ibu,Langganan,Potong 8,32,72.28,51.32,20.96,0.71,36500,1590160,1873180,283020,Tempo_14H,Belum Lunas
TRX-20260606-0103,2026-06-06,06:56,Warung Padang Roda Jaya,Langganan,Potong 12,15,31.29,22.65,8.64,0.724,36500,688380,826725,138345,Tempo_7H,Belum Lunas
TRX-20260606-0104,2026-06-06,04:18,Eceran Umum,Umum,Karkas Utuh,2,3.64,2.61,1.03,0.716,35000,80080,91350,11270,Tunai,Lunas
TRX-20260606-0105,2026-06-06,04:36,Depot Mie Pangsit 88,Langganan,Potong 8,8,15.68,11.6,4.08,0.74,36500,344960,423400,78440,Tempo_3H,Belum Lunas
TRX-20260606-0106,2026-06-06,05:09,Warung Padang Roda Jaya,Langganan,Campur,17,36.42,26.0,10.42,0.714,35000,801240,910000,108760,Tempo_7H,Lunas
TRX-20260606-0107,2026-06-06,03:14,Eceran Umum,Umum,Potong 8,1,2.1,1.5,0.6,0.715,36500,46200,54750,8550,Tunai,Lunas
TRX-20260606-0108,2026-06-06,06:49,Pecel Lele & Ayam Lamongan Cak Har,Langganan,Karkas Utuh,28,64.27,46.27,18.0,0.72,35000,1413940,1619450,205510,Tempo_3H,Belum Lunas
TRX-20260606-0109,2026-06-06,06:59,Ayam Geprek Sambal Bawang,Langganan,Fillet Dada,12,26.57,19.87,6.7,0.748,48000,584540,953760,369220,Tunai,Belum Lunas
TRX-20260606-0110,2026-06-06,04:18,Pecel Lele & Ayam Lamongan Cak Har,Langganan,Potong 12,30,67.62,49.09,18.53,0.726,36500,1487640,1791785,304145,Tempo_3H,Belum Lunas
TRX-20260606-0111,2026-06-06,05:39,Katering Berkah Ibu,Langganan,Potong 4,23,48.58,35.8,12.78,0.737,35000,1068760,1253000,184240,Tempo_14H,Belum Lunas
TRX-20260606-0112,2026-06-06,04:46,Depot Mie Pangsit 88,Langganan,Potong 8,18,33.0,23.79,9.21,0.721,36500,726000,868335,142335,Tempo_3H,Belum Lunas
TRX-20260606-0113,2026-06-06,04:50,Eceran Umum,Umum,Potong 4,2,3.57,2.69,0.88,0.754,35000,78540,94150,15610,Tunai,Lunas
TRX-20260606-0114,2026-06-06,06:26,Warung Padang Roda Jaya,Langganan,Fillet Dada,10,21.76,16.21,5.55,0.745,48000,478720,778080,299360,Tempo_7H,Belum Lunas
TRX-20260606-0115,2026-06-06,04:01,Eceran Umum,Umum,Fillet Dada,1,2.08,1.49,0.59,0.715,48000,45760,71520,25760,Tunai,Lunas
TRX-20260606-0116,2026-06-06,04:44,Warung Padang Roda Jaya,Langganan,Karkas Utuh,28,57.43,42.33,15.1,0.737,35000,1263460,1481550,218090,Tempo_7H,Belum Lunas
TRX-20260606-0117,2026-06-06,07:26,Eceran Umum,Umum,Potong 12,1,1.98,1.48,0.5,0.746,36500,43560,54020,10460,Tunai,Lunas
TRX-20260606-0118,2026-06-06,07:09,Depot Mie Pangsit 88,Langganan,Potong 4,10,20.0,14.66,5.34,0.733,35000,440000,513100,73100,Tempo_3H,Belum Lunas
TRX-20260606-0119,2026-06-06,05:17,Eceran Umum,Umum,Potong 12,1,2.06,1.52,0.54,0.74,36500,45320,55480,10160,Tunai,Lunas
TRX-20260606-0120,2026-06-06,08:04,Eceran Umum,Umum,Campur,2,4.05,3.03,1.02,0.749,35000,89100,106050,16950,Tunai,Lunas
TRX-20260606-0121,2026-06-06,03:50,Eceran Umum,Umum,Potong 12,2,4.24,3.21,1.03,0.756,36500,93280,117165,23885,Tunai,Lunas
TRX-20260606-0122,2026-06-06,04:25,Eceran Umum,Umum,Fillet Dada,2,4.24,3.08,1.16,0.727,48000,93280,147840,54560,Tunai,Lunas
TRX-20260606-0123,2026-06-06,04:14,Eceran Umum,Umum,Potong 8,1,2.07,1.49,0.58,0.72,36500,45540,54385,8845,Tunai,Lunas
TRX-20260606-0124,2026-06-06,06:34,Pecel Lele & Ayam Lamongan Cak Har,Langganan,Potong 8,29,64.72,48.93,15.79,0.756,36500,1423840,1785945,362105,Tempo_3H,Belum Lunas
TRX-20260606-0125,2026-06-06,08:42,Warung Padang Roda Jaya,Langganan,Karkas Utuh,31,57.98,41.69,16.29,0.719,35000,1275560,1459150,183590,Tempo_7H,Belum Lunas
TRX-20260606-0126,2026-06-06,08:48,Eceran Umum,Umum,Fillet Dada,1,2.02,1.44,0.58,0.711,48000,44440,69120,24680,Tunai,Lunas
TRX-20260606-0127,2026-06-06,03:19,Katering Berkah Ibu,Langganan,Potong 8,24,48.18,34.4,13.78,0.714,36500,1059960,1255600,195640,Tempo_14H,Belum Lunas
TRX-20260607-0128,2026-06-07,04:29,Eceran Umum,Umum,Potong 12,1,2.1,1.53,0.57,0.727,36500,46200,55845,9645,Tunai,Lunas
TRX-20260607-0129,2026-06-07,06:28,Warung Padang Roda Jaya,Langganan,Potong 8,12,25.12,18.21,6.91,0.725,36500,552640,664665,112025,Tempo_7H,Belum Lunas
TRX-20260607-0130,2026-06-07,05:48,Warung Padang Roda Jaya,Langganan,Potong 8,10,21.83,15.61,6.22,0.715,36500,480259,569765,89506,Tempo_7H,Belum Lunas
TRX-20260607-0131,2026-06-07,07:09,Eceran Umum,Umum,Potong 4,2,3.93,2.95,0.98,0.75,35000,86460,103250,16790,Tunai,Lunas
TRX-20260607-0132,2026-06-07,07:06,Warung Nasi Sunda Ibu Imas,Langganan,Potong 12,5,10.38,7.5,2.88,0.723,36500,228360,273750,45390,Tempo_7H,Lunas
TRX-20260607-0133,2026-06-07,05:56,Warung Padang Roda Jaya,Langganan,Fillet Dada,7,15.71,11.59,4.12,0.738,48000,345620,556320,210700,Tempo_7H,Belum Lunas
TRX-20260607-0134,2026-06-07,10:31,Pecel Lele & Ayam Lamongan Cak Har,Langganan,Fillet Dada,15,34.22,25.9,8.32,0.757,48000,752840,1243200,490360,Tempo_3H,Lunas
TRX-20260607-0135,2026-06-07,04:17,Eceran Umum,Umum,Karkas Utuh,1,2.07,1.56,0.51,0.752,35000,45540,54600,9060,Tunai,Lunas
TRX-20260607-0136,2026-06-07,08:28,Eceran Umum,Umum,Potong 8,2,4.31,3.19,1.12,0.741,36500,94819,116435,21616,Tunai,Lunas
TRX-20260607-0137,2026-06-07,07:02,Eceran Umum,Umum,Potong 8,2,4.23,3.08,1.15,0.727,36500,93060,112420,19360,Tunai,Lunas
TRX-20260607-0138,2026-06-07,04:52,Bakso Solo Mas Mul,Langganan,Potong 4,24,54.89,41.11,13.78,0.749,35000,1207580,1438850,231270,Tempo_7H,Lunas
TRX-20260607-0139,2026-06-07,10:22,Depot Mie Pangsit 88,Langganan,Fillet Dada,21,42.89,31.57,11.32,0.736,48000,943580,1515360,571780,Tempo_3H,Belum Lunas
TRX-20260607-0140,2026-06-07,05:08,Katering Berkah Ibu,Langganan,Karkas Utuh,15,30.16,21.62,8.54,0.717,35000,663520,756700,93180,Tempo_14H,Belum Lunas
TRX-20260607-0141,2026-06-07,06:05,Katering Berkah Ibu,Langganan,Campur,25,55.19,40.56,14.63,0.735,35000,1214180,1419600,205420,Tempo_14H,Lunas
TRX-20260607-0142,2026-06-07,05:11,Eceran Umum,Umum,Potong 4,2,3.54,2.56,0.98,0.723,35000,77880,89600,11720,Tunai,Lunas
TRX-20260607-0143,2026-06-07,06:33,Eceran Umum,Umum,Potong 12,1,1.95,1.44,0.51,0.739,36500,42900,52560,9660,Tunai,Lunas
TRX-20260607-0144,2026-06-07,05:57,Pecel Lele & Ayam Lamongan Cak Har,Langganan,Potong 8,6,11.3,8.44,2.86,0.747,36500,248600,308060,59460,Tempo_3H,Lunas
TRX-20260607-0145,2026-06-07,04:20,Depot Mie Pangsit 88,Langganan,Fillet Dada,15,29.67,22.13,7.54,0.746,48000,652740,1062240,409500,Tempo_3H,Belum Lunas
TRX-20260607-0146,2026-06-07,05:46,Depot Mie Pangsit 88,Langganan,Campur,26,56.32,40.61,15.71,0.721,35000,1239040,1421350,182310,Tempo_3H,Lunas
TRX-20260607-0147,2026-06-07,05:42,Eceran Umum,Umum,Fillet Dada,1,2.0,1.45,0.55,0.727,48000,44000,69600,25600,Tunai,Lunas
TRX-20260607-0148,2026-06-07,03:08,Bakso Solo Mas Mul,Langganan,Potong 4,5,10.24,7.62,2.62,0.744,35000,225280,266700,41420,Tempo_7H,Belum Lunas
TRX-20260607-0149,2026-06-07,07:36,Eceran Umum,Umum,Karkas Utuh,1,1.84,1.36,0.48,0.74,35000,40480,47600,7120,Tunai,Lunas
TRX-20260608-0150,2026-06-08,07:48,Eceran Umum,Umum,Karkas Utuh,2,4.09,3.01,1.08,0.736,35000,89980,105349,15369,Tunai,Lunas
TRX-20260608-0151,2026-06-08,09:18,Eceran Umum,Umum,Potong 12,1,2.08,1.55,0.53,0.746,36500,45760,56575,10815,Tunai,Lunas
TRX-20260608-0152,2026-06-08,10:17,Katering Berkah Ibu,Langganan,Potong 8,19,40.79,29.08,11.71,0.713,36500,897380,1061420,164040,Tempo_14H,Belum Lunas
TRX-20260608-0153,2026-06-08,05:16,Eceran Umum,Umum,Karkas Utuh,1,1.94,1.41,0.53,0.726,35000,42680,49350,6670,Tunai,Lunas
TRX-20260608-0154,2026-06-08,06:50,Eceran Umum,Umum,Campur,2,3.82,2.86,0.96,0.75,35000,84040,100100,16060,Tunai,Lunas
TRX-20260608-0155,2026-06-08,03:34,Bakso Solo Mas Mul,Langganan,Potong 4,14,29.71,22.07,7.64,0.743,35000,653620,772450,118830,Tempo_7H,Belum Lunas
TRX-20260608-0156,2026-06-08,05:02,Depot Mie Pangsit 88,Langganan,Potong 12,12,24.25,17.7,6.55,0.73,36500,533500,646050,112550,Tempo_3H,Belum Lunas
TRX-20260608-0157,2026-06-08,05:21,Pecel Lele & Ayam Lamongan Cak Har,Langganan,Potong 4,22,45.32,33.13,12.19,0.731,35000,997040,1159550,162510,Tempo_3H,Belum Lunas
TRX-20260608-0158,2026-06-08,05:33,Eceran Umum,Umum,Karkas Utuh,1,1.79,1.3,0.49,0.729,35000,39380,45500,6120,Tunai,Lunas
TRX-20260608-0159,2026-06-08,03:45,Warung Nasi Sunda Ibu Imas,Langganan,Potong 4,34,62.71,44.65,18.06,0.712,35000,1379620,1562750,183130,Tempo_7H,Belum Lunas
TRX-20260608-0160,2026-06-08,04:56,Depot Mie Pangsit 88,Langganan,Fillet Dada,29,57.08,42.01,15.07,0.736,48000,1255760,2016480,760720,Tempo_3H,Belum Lunas
TRX-20260608-0161,2026-06-08,05:55,Eceran Umum,Umum,Potong 4,2,4.12,3.04,1.08,0.739,35000,90640,106400,15760,Tunai,Lunas
TRX-20260608-0162,2026-06-08,08:14,Eceran Umum,Umum,Potong 8,1,1.9,1.36,0.54,0.716,36500,41800,49640,7840,Tunai,Lunas
TRX-20260608-0163,2026-06-08,07:36,Warung Nasi Sunda Ibu Imas,Langganan,Karkas Utuh,10,22.91,17.27,5.64,0.754,35000,504020,604450,100430,Tempo_7H,Belum Lunas
TRX-20260608-0164,2026-06-08,10:06,Ayam Geprek Sambal Bawang,Langganan,Campur,31,62.02,46.64,15.38,0.752,35000,1364440,1632400,267960,Tunai,Lunas
TRX-20260608-0165,2026-06-08,03:42,Pecel Lele & Ayam Lamongan Cak Har,Langganan,Karkas Utuh,30,54.55,41.35,13.2,0.758,35000,1200100,1447250,247150,Tempo_3H,Belum Lunas
TRX-20260608-0166,2026-06-08,06:22,Pecel Lele & Ayam Lamongan Cak Har,Langganan,Fillet Dada,7,14.69,10.81,3.88,0.736,48000,323180,518880,195700,Tempo_3H,Belum Lunas
TRX-20260609-0167,2026-06-09,06:23,Bakso Solo Mas Mul,Langganan,Fillet Dada,7,13.39,9.65,3.74,0.721,48000,294580,463200,168620,Tempo_7H,Belum Lunas
TRX-20260609-0168,2026-06-09,05:33,Depot Mie Pangsit 88,Langganan,Potong 8,28,54.12,38.75,15.37,0.716,36500,1190640,1414375,223735,Tempo_3H,Belum Lunas
TRX-20260609-0169,2026-06-09,08:08,Warung Nasi Sunda Ibu Imas,Langganan,Potong 4,29,60.19,42.98,17.21,0.714,35000,1324180,1504300,180120,Tempo_7H,Belum Lunas
TRX-20260609-0170,2026-06-09,04:04,Eceran Umum,Umum,Karkas Utuh,2,3.48,2.51,0.97,0.721,35000,76560,87849,11289,Tunai,Lunas
TRX-20260609-0171,2026-06-09,03:16,Katering Berkah Ibu,Langganan,Karkas Utuh,17,34.68,25.66,9.02,0.74,35000,762960,898100,135140,Tempo_14H,Belum Lunas
TRX-20260609-0172,2026-06-09,06:26,Eceran Umum,Umum,Fillet Dada,1,2.14,1.6,0.54,0.75,48000,47080,76800,29720,Tunai,Lunas
TRX-20260609-0173,2026-06-09,08:58,Katering Berkah Ibu,Langganan,Karkas Utuh,17,37.71,28.09,9.62,0.745,35000,829620,983150,153530,Tempo_14H,Belum Lunas
TRX-20260609-0174,2026-06-09,07:06,Depot Mie Pangsit 88,Langganan,Fillet Dada,17,38.01,27.03,10.98,0.711,48000,836220,1297440,461220,Tempo_3H,Belum Lunas
TRX-20260609-0175,2026-06-09,04:29,Eceran Umum,Umum,Campur,2,4.22,3.17,1.05,0.752,35000,92840,110950,18110,Tunai,Lunas
TRX-20260609-0176,2026-06-09,03:31,Warung Padang Roda Jaya,Langganan,Karkas Utuh,31,71.01,52.69,18.32,0.742,35000,1562220,1844150,281930,Tempo_7H,Belum Lunas
TRX-20260609-0177,2026-06-09,05:34,Katering Berkah Ibu,Langganan,Karkas Utuh,23,50.15,36.96,13.19,0.737,35000,1103300,1293600,190300,Tempo_14H,Belum Lunas
TRX-20260609-0178,2026-06-09,06:29,Eceran Umum,Umum,Fillet Dada,2,4.34,3.23,1.11,0.744,48000,95480,155040,59560,Tunai,Lunas
TRX-20260609-0179,2026-06-09,04:16,Eceran Umum,Umum,Fillet Dada,1,1.99,1.45,0.54,0.727,48000,43780,69600,25820,Tunai,Lunas
TRX-20260609-0180,2026-06-09,03:49,Depot Mie Pangsit 88,Langganan,Campur,19,43.4,32.42,10.98,0.747,35000,954800,1134700,179900,Tempo_3H,Lunas
TRX-20260609-0181,2026-06-09,03:10,Bakso Solo Mas Mul,Langganan,Fillet Dada,19,38.84,29.09,9.75,0.749,48000,854480,1396320,541840,Tempo_7H,Belum Lunas
TRX-20260609-0182,2026-06-09,04:28,Eceran Umum,Umum,Campur,1,1.93,1.39,0.54,0.718,35000,42460,48650,6190,Tunai,Lunas
TRX-20260609-0183,2026-06-09,06:51,Pecel Lele & Ayam Lamongan Cak Har,Langganan,Fillet Dada,19,40.66,30.21,10.45,0.743,48000,894519,1450080,555561,Tempo_3H,Belum Lunas
TRX-20260610-0184,2026-06-10,03:28,Warung Nasi Sunda Ibu Imas,Langganan,Campur,20,44.57,33.78,10.79,0.758,35000,980540,1182300,201760,Tempo_7H,Belum Lunas
TRX-20260610-0185,2026-06-10,04:57,Eceran Umum,Umum,Fillet Dada,1,2.07,1.49,0.58,0.72,48000,45540,71520,25980,Tunai,Lunas
TRX-20260610-0186,2026-06-10,06:17,Ayam Geprek Sambal Bawang,Langganan,Fillet Dada,20,41.43,29.75,11.68,0.718,48000,911460,1428000,516540,Tunai,Lunas
TRX-20260610-0187,2026-06-10,03:26,Eceran Umum,Umum,Fillet Dada,2,3.42,2.56,0.86,0.75,48000,75240,122880,47640,Tunai,Lunas
TRX-20260610-0188,2026-06-10,08:57,Eceran Umum,Umum,Potong 12,2,3.86,2.74,1.12,0.71,36500,84920,100010,15090,Tunai,Lunas
TRX-20260610-0189,2026-06-10,06:19,Depot Mie Pangsit 88,Langganan,Potong 8,10,19.13,13.74,5.39,0.718,36500,420860,501510,80650,Tempo_3H,Belum Lunas
TRX-20260610-0190,2026-06-10,05:07,Eceran Umum,Umum,Potong 4,1,1.77,1.3,0.47,0.733,35000,38940,45500,6560,Tunai,Lunas
TRX-20260610-0191,2026-06-10,04:46,Katering Berkah Ibu,Langganan,Potong 12,15,32.21,24.25,7.96,0.753,36500,708620,885125,176505,Tempo_14H,Belum Lunas
TRX-20260610-0192,2026-06-10,05:23,Eceran Umum,Umum,Karkas Utuh,2,4.39,3.15,1.24,0.717,35000,96580,110250,13670,Tunai,Lunas
TRX-20260610-0193,2026-06-10,06:19,Warung Padang Roda Jaya,Langganan,Potong 4,12,21.66,15.73,5.93,0.726,35000,476520,550550,74030,Tempo_7H,Belum Lunas
TRX-20260610-0194,2026-06-10,04:32,Eceran Umum,Umum,Fillet Dada,2,3.8,2.72,1.08,0.717,48000,83600,130560,46960,Tunai,Lunas
TRX-20260610-0195,2026-06-10,06:49,Depot Mie Pangsit 88,Langganan,Fillet Dada,14,26.37,18.85,7.52,0.715,48000,580140,904800,324660,Tempo_3H,Belum Lunas
TRX-20260610-0196,2026-06-10,03:05,Bakso Solo Mas Mul,Langganan,Potong 12,13,28.01,21.12,6.89,0.754,36500,616220,770880,154660,Tempo_7H,Belum Lunas
TRX-20260610-0197,2026-06-10,04:58,Pecel Lele & Ayam Lamongan Cak Har,Langganan,Potong 8,15,33.71,24.84,8.87,0.737,36500,741620,906660,165040,Tempo_3H,Belum Lunas
TRX-20260610-0198,2026-06-10,06:40,Warung Padang Roda Jaya,Langganan,Karkas Utuh,18,33.13,23.62,9.51,0.713,35000,728860,826700,97840,Tempo_7H,Lunas
TRX-20260611-0199,2026-06-11,04:54,Ayam Geprek Sambal Bawang,Langganan,Potong 8,17,32.15,24.08,8.07,0.749,36500,707300,878919,171619,Tunai,Belum Lunas
TRX-20260611-0200,2026-06-11,05:17,Warung Padang Roda Jaya,Langganan,Potong 12,9,20.68,15.7,4.98,0.759,36500,454960,573050,118090,Tempo_7H,Belum Lunas
TRX-20260611-0201,2026-06-11,06:28,Eceran Umum,Umum,Potong 8,1,1.83,1.34,0.49,0.733,36500,40260,48910,8650,Tunai,Lunas
TRX-20260611-0202,2026-06-11,06:23,Ayam Geprek Sambal Bawang,Langganan,Potong 8,8,17.34,12.97,4.37,0.748,36500,381480,473405,91925,Tunai,Belum Lunas
TRX-20260611-0203,2026-06-11,05:40,Warung Padang Roda Jaya,Langganan,Potong 8,25,49.94,36.96,12.98,0.74,36500,1098680,1349040,250360,Tempo_7H,Belum Lunas
TRX-20260611-0204,2026-06-11,06:50,Pecel Lele & Ayam Lamongan Cak Har,Langganan,Potong 8,26,51.47,37.52,13.95,0.729,36500,1132340,1369480,237140,Tempo_3H,Belum Lunas
TRX-20260611-0205,2026-06-11,04:25,Pecel Lele & Ayam Lamongan Cak Har,Langganan,Potong 12,20,42.02,31.18,10.84,0.742,36500,924440,1138070,213630,Tempo_3H,Belum Lunas
TRX-20260611-0206,2026-06-11,05:37,Warung Padang Roda Jaya,Langganan,Potong 8,34,62.86,45.89,16.97,0.73,36500,1382920,1674985,292065,Tempo_7H,Belum Lunas
TRX-20260611-0207,2026-06-11,06:38,Depot Mie Pangsit 88,Langganan,Karkas Utuh,31,60.64,44.27,16.37,0.73,35000,1334080,1549450,215370,Tempo_3H,Belum Lunas
TRX-20260611-0208,2026-06-11,05:11,Eceran Umum,Umum,Karkas Utuh,1,1.82,1.31,0.51,0.722,35000,40040,45850,5810,Tunai,Lunas
TRX-20260611-0209,2026-06-11,05:15,Ayam Geprek Sambal Bawang,Langganan,Potong 8,14,29.89,21.43,8.46,0.717,36500,657580,782195,124615,Tunai,Belum Lunas
TRX-20260611-0210,2026-06-11,09:56,Depot Mie Pangsit 88,Langganan,Karkas Utuh,24,47.75,35.34,12.41,0.74,35000,1050500,1236900,186400,Tempo_3H,Belum Lunas
TRX-20260611-0211,2026-06-11,07:55,Warung Padang Roda Jaya,Langganan,Fillet Dada,32,71.43,52.72,18.71,0.738,48000,1571460,2530560,959100,Tempo_7H,Belum Lunas
TRX-20260611-0212,2026-06-11,10:08,Eceran Umum,Umum,Potong 8,2,3.45,2.56,0.89,0.742,36500,75900,93440,17540,Tunai,Lunas
TRX-20260611-0213,2026-06-11,04:58,Eceran Umum,Umum,Potong 4,1,1.99,1.48,0.51,0.744,35000,43780,51800,8020,Tunai,Lunas
TRX-20260611-0214,2026-06-11,05:58,Eceran Umum,Umum,Karkas Utuh,2,3.72,2.82,0.9,0.759,35000,81840,98700,16860,Tunai,Lunas
TRX-20260611-0215,2026-06-11,04:42,Depot Mie Pangsit 88,Langganan,Potong 8,16,33.06,23.67,9.39,0.716,36500,727320,863955,136635,Tempo_3H,Lunas
TRX-20260611-0216,2026-06-11,09:59,Eceran Umum,Umum,Potong 12,2,3.59,2.68,0.91,0.747,36500,78980,97820,18840,Tunai,Lunas
TRX-20260611-0217,2026-06-11,04:46,Eceran Umum,Umum,Karkas Utuh,2,4.06,3.08,0.98,0.759,35000,89319,107800,18481,Tunai,Lunas
TRX-20260611-0218,2026-06-11,03:17,Eceran Umum,Umum,Potong 12,2,4.26,3.19,1.07,0.748,36500,93720,116435,22715,Tunai,Lunas
TRX-20260611-0219,2026-06-11,07:03,Eceran Umum,Umum,Potong 12,1,2.17,1.63,0.54,0.751,36500,47740,59494,11754,Tunai,Lunas
TRX-20260611-0220,2026-06-11,05:27,Katering Berkah Ibu,Langganan,Karkas Utuh,10,19.59,14.75,4.84,0.753,35000,430980,516250,85270,Tempo_14H,Belum Lunas
TRX-20260611-0221,2026-06-11,03:30,Bakso Solo Mas Mul,Langganan,Potong 12,8,17.0,12.72,4.28,0.748,36500,374000,464280,90280,Tempo_7H,Belum Lunas
TRX-20260612-0222,2026-06-12,07:40,Pecel Lele & Ayam Lamongan Cak Har,Langganan,Potong 4,17,37.55,26.89,10.66,0.716,35000,826099,941150,115051,Tempo_3H,Belum Lunas
TRX-20260612-0223,2026-06-12,04:11,Eceran Umum,Umum,Potong 12,1,2.05,1.49,0.56,0.729,36500,45099,54385,9286,Tunai,Lunas
TRX-20260612-0224,2026-06-12,04:48,Eceran Umum,Umum,Potong 8,2,3.47,2.57,0.9,0.74,36500,76340,93805,17465,Tunai,Lunas
TRX-20260612-0225,2026-06-12,06:45,Katering Berkah Ibu,Langganan,Potong 8,25,55.79,41.06,14.73,0.736,36500,1227380,1498690,271310,Tempo_14H,Belum Lunas
TRX-20260612-0226,2026-06-12,04:11,Eceran Umum,Umum,Karkas Utuh,2,3.98,2.93,1.05,0.737,35000,87560,102550,14990,Tunai,Lunas
TRX-20260612-0227,2026-06-12,07:05,Depot Mie Pangsit 88,Langganan,Potong 12,16,36.44,25.91,10.53,0.711,36500,801680,945715,144035,Tempo_3H,Lunas
TRX-20260612-0228,2026-06-12,06:59,Eceran Umum,Umum,Campur,2,4.33,3.09,1.24,0.713,35000,95260,108150,12890,Tunai,Lunas
TRX-20260612-0229,2026-06-12,04:33,Warung Nasi Sunda Ibu Imas,Langganan,Karkas Utuh,8,15.43,11.17,4.26,0.724,35000,339460,390950,51490,Tempo_7H,Belum Lunas
TRX-20260612-0230,2026-06-12,05:15,Pecel Lele & Ayam Lamongan Cak Har,Langganan,Karkas Utuh,34,73.37,53.12,20.25,0.724,35000,1614140,1859200,245060,Tempo_3H,Belum Lunas
TRX-20260612-0231,2026-06-12,04:30,Eceran Umum,Umum,Fillet Dada,1,1.96,1.46,0.5,0.745,48000,43120,70080,26960,Tunai,Lunas
TRX-20260612-0232,2026-06-12,05:41,Eceran Umum,Umum,Campur,2,3.88,2.91,0.97,0.75,35000,85360,101850,16490,Tunai,Lunas
TRX-20260612-0233,2026-06-12,03:41,Depot Mie Pangsit 88,Langganan,Karkas Utuh,17,35.71,26.82,8.89,0.751,35000,785620,938700,153080,Tempo_3H,Belum Lunas
TRX-20260612-0234,2026-06-12,04:09,Eceran Umum,Umum,Karkas Utuh,1,2.12,1.6,0.52,0.755,35000,46640,56000,9360,Tunai,Lunas
TRX-20260612-0235,2026-06-12,04:36,Eceran Umum,Umum,Potong 4,2,4.22,3.08,1.14,0.731,35000,92840,107800,14960,Tunai,Lunas
TRX-20260612-0236,2026-06-12,03:35,Katering Berkah Ibu,Langganan,Karkas Utuh,27,56.52,40.58,15.94,0.718,35000,1243440,1420300,176860,Tempo_14H,Belum Lunas
TRX-20260612-0237,2026-06-12,04:16,Ayam Geprek Sambal Bawang,Langganan,Karkas Utuh,9,19.09,14.13,4.96,0.74,35000,419980,494550,74570,Tunai,Belum Lunas
TRX-20260612-0238,2026-06-12,04:56,Eceran Umum,Umum,Potong 8,2,3.67,2.72,0.95,0.74,36500,80740,99280,18540,Tunai,Lunas
TRX-20260613-0239,2026-06-13,05:38,Eceran Umum,Umum,Potong 12,1,2.2,1.58,0.62,0.716,36500,48400,57670,9270,Tunai,Lunas
TRX-20260613-0240,2026-06-13,06:41,Eceran Umum,Umum,Campur,1,1.74,1.24,0.5,0.714,35000,38280,43400,5120,Tunai,Lunas
TRX-20260613-0241,2026-06-13,04:07,Ayam Geprek Sambal Bawang,Langganan,Potong 4,10,19.77,14.1,5.67,0.713,35000,434940,493500,58560,Tunai,Belum Lunas
TRX-20260613-0242,2026-06-13,07:26,Eceran Umum,Umum,Potong 12,2,4.28,3.18,1.1,0.743,36500,94160,116070,21910,Tunai,Lunas
TRX-20260613-0243,2026-06-13,04:02,Warung Padang Roda Jaya,Langganan,Karkas Utuh,6,13.78,10.24,3.54,0.743,35000,303160,358400,55240,Tempo_7H,Belum Lunas
TRX-20260613-0244,2026-06-13,05:07,Bakso Solo Mas Mul,Langganan,Potong 8,30,68.36,49.15,19.21,0.719,36500,1503920,1793975,290055,Tempo_7H,Belum Lunas
TRX-20260613-0245,2026-06-13,05:29,Eceran Umum,Umum,Potong 8,2,3.4,2.46,0.94,0.725,36500,74800,89790,14990,Tunai,Lunas
TRX-20260613-0246,2026-06-13,05:29,Warung Nasi Sunda Ibu Imas,Langganan,Potong 4,32,73.19,52.04,21.15,0.711,35000,1610180,1821400,211220,Tempo_7H,Belum Lunas
TRX-20260613-0247,2026-06-13,04:29,Bakso Solo Mas Mul,Langganan,Potong 8,10,19.29,14.45,4.84,0.749,36500,424380,527425,103045,Tempo_7H,Belum Lunas
TRX-20260613-0248,2026-06-13,05:51,Depot Mie Pangsit 88,Langganan,Potong 12,18,33.46,24.12,9.34,0.721,36500,736120,880380,144260,Tempo_3H,Belum Lunas
TRX-20260613-0249,2026-06-13,04:56,Eceran Umum,Umum,Potong 8,1,2.11,1.53,0.58,0.724,36500,46420,55845,9425,Tunai,Lunas
TRX-20260613-0250,2026-06-13,08:05,Warung Nasi Sunda Ibu Imas,Langganan,Campur,15,31.31,23.11,8.2,0.738,35000,688820,808850,120030,Tempo_7H,Belum Lunas
TRX-20260613-0251,2026-06-13,04:37,Warung Padang Roda Jaya,Langganan,Fillet Dada,7,14.96,11.03,3.93,0.737,48000,329120,529440,200320,Tempo_7H,Belum Lunas
TRX-20260613-0252,2026-06-13,04:13,Eceran Umum,Umum,Karkas Utuh,1,1.71,1.23,0.48,0.718,35000,37620,43050,5430,Tunai,Lunas
TRX-20260613-0253,2026-06-13,09:17,Eceran Umum,Umum,Potong 12,1,1.99,1.46,0.53,0.734,36500,43780,53290,9510,Tunai,Lunas
TRX-20260613-0254,2026-06-13,06:00,Eceran Umum,Umum,Potong 12,2,4.23,3.07,1.16,0.726,36500,93060,112055,18995,Tunai,Lunas
TRX-20260613-0255,2026-06-13,07:12,Warung Nasi Sunda Ibu Imas,Langganan,Potong 4,12,24.47,17.99,6.48,0.735,35000,538340,629650,91310,Tempo_7H,Lunas
TRX-20260613-0256,2026-06-13,07:31,Eceran Umum,Umum,Potong 8,1,1.95,1.43,0.52,0.732,36500,42900,52195,9295,Tunai,Lunas
TRX-20260613-0257,2026-06-13,06:28,Eceran Umum,Umum,Karkas Utuh,2,4.05,2.91,1.14,0.718,35000,89100,101850,12750,Tunai,Lunas
TRX-20260613-0258,2026-06-13,07:09,Eceran Umum,Umum,Potong 4,2,4.39,3.13,1.26,0.713,35000,96580,109550,12970,Tunai,Lunas
TRX-20260613-0259,2026-06-13,10:18,Katering Berkah Ibu,Langganan,Karkas Utuh,25,46.52,33.73,12.79,0.725,35000,1023440,1180550,157110,Tempo_14H,Lunas
TRX-20260613-0260,2026-06-13,03:03,Katering Berkah Ibu,Langganan,Potong 12,12,26.48,19.62,6.86,0.741,36500,582560,716130,133570,Tempo_14H,Belum Lunas
TRX-20260613-0261,2026-06-13,05:38,Depot Mie Pangsit 88,Langganan,Potong 12,9,20.19,14.78,5.41,0.732,36500,444180,539470,95290,Tempo_3H,Lunas
TRX-20260614-0262,2026-06-14,05:06,Warung Padang Roda Jaya,Langganan,Potong 12,26,59.33,42.84,16.49,0.722,36500,1305260,1563660,258400,Tempo_7H,Lunas
TRX-20260614-0263,2026-06-14,07:20,Eceran Umum,Umum,Fillet Dada,2,3.59,2.66,0.93,0.741,48000,78980,127680,48700,Tunai,Lunas
TRX-20260614-0264,2026-06-14,07:44,Eceran Umum,Umum,Campur,2,3.46,2.46,1.0,0.712,35000,76120,86100,9980,Tunai,Lunas
TRX-20260614-0265,2026-06-14,04:10,Eceran Umum,Umum,Potong 8,2,3.67,2.63,1.04,0.717,36500,80740,95995,15255,Tunai,Lunas
TRX-20260614-0266,2026-06-14,08:47,Eceran Umum,Umum,Potong 12,2,4.21,3.12,1.09,0.741,36500,92620,113880,21260,Tunai,Lunas
TRX-20260614-0267,2026-06-14,04:41,Pecel Lele & Ayam Lamongan Cak Har,Langganan,Fillet Dada,13,24.06,17.88,6.18,0.743,48000,529320,858240,328920,Tempo_3H,Belum Lunas
TRX-20260614-0268,2026-06-14,03:32,Pecel Lele & Ayam Lamongan Cak Har,Langganan,Fillet Dada,30,57.8,43.29,14.51,0.749,48000,1271600,2077920,806320,Tempo_3H,Belum Lunas
TRX-20260614-0269,2026-06-14,04:21,Warung Padang Roda Jaya,Langganan,Potong 12,19,42.65,31.26,11.39,0.733,36500,938300,1140990,202690,Tempo_7H,Belum Lunas
TRX-20260614-0270,2026-06-14,10:22,Eceran Umum,Umum,Potong 12,1,1.72,1.28,0.44,0.747,36500,37840,46720,8880,Tunai,Lunas
TRX-20260614-0271,2026-06-14,07:34,Katering Berkah Ibu,Langganan,Karkas Utuh,9,18.49,13.48,5.01,0.729,35000,406779,471800,65021,Tempo_14H,Belum Lunas
TRX-20260614-0272,2026-06-14,10:18,Warung Nasi Sunda Ibu Imas,Langganan,Potong 12,32,63.28,46.26,17.02,0.731,36500,1392160,1688490,296330,Tempo_7H,Belum Lunas
TRX-20260614-0273,2026-06-14,03:09,Pecel Lele & Ayam Lamongan Cak Har,Langganan,Karkas Utuh,20,45.68,33.12,12.56,0.725,35000,1004960,1159200,154240,Tempo_3H,Belum Lunas
TRX-20260614-0274,2026-06-14,04:49,Depot Mie Pangsit 88,Langganan,Karkas Utuh,8,16.86,12.63,4.23,0.749,35000,370920,442050,71130,Tempo_3H,Belum Lunas
TRX-20260614-0275,2026-06-14,03:49,Warung Padang Roda Jaya,Langganan,Potong 4,8,15.57,11.82,3.75,0.759,35000,342540,413700,71160,Tempo_7H,Belum Lunas
TRX-20260614-0276,2026-06-14,06:31,Depot Mie Pangsit 88,Langganan,Potong 12,6,11.18,8.13,3.05,0.727,36500,245960,296745,50785,Tempo_3H,Belum Lunas
TRX-20260614-0277,2026-06-14,04:58,Eceran Umum,Umum,Potong 8,2,4.01,3.04,0.97,0.757,36500,88220,110960,22740,Tunai,Lunas
TRX-20260614-0278,2026-06-14,03:31,Eceran Umum,Umum,Potong 8,1,2.02,1.46,0.56,0.724,36500,44440,53290,8850,Tunai,Lunas
TRX-20260614-0279,2026-06-14,08:48,Pecel Lele & Ayam Lamongan Cak Har,Langganan,Potong 4,19,36.6,27.38,9.22,0.748,35000,805200,958300,153100,Tempo_3H,Belum Lunas
TRX-20260614-0280,2026-06-14,06:06,Pecel Lele & Ayam Lamongan Cak Har,Langganan,Karkas Utuh,15,29.4,21.99,7.41,0.748,35000,646800,769650,122850,Tempo_3H,Belum Lunas
TRX-20260614-0281,2026-06-14,06:01,Warung Padang Roda Jaya,Langganan,Karkas Utuh,19,35.07,26.58,8.49,0.758,35000,771540,930299,158759,Tempo_7H,Belum Lunas
TRX-20260614-0282,2026-06-14,04:21,Eceran Umum,Umum,Potong 8,1,2.07,1.53,0.54,0.741,36500,45540,55845,10305,Tunai,Lunas
TRX-20260614-0283,2026-06-14,03:29,Eceran Umum,Umum,Fillet Dada,1,2.14,1.57,0.57,0.732,48000,47080,75360,28280,Tunai,Lunas
TRX-20260614-0284,2026-06-14,05:07,Eceran Umum,Umum,Potong 4,1,2.14,1.55,0.59,0.724,35000,47080,54250,7170,Tunai,Lunas
TRX-20260614-0285,2026-06-14,08:33,Eceran Umum,Umum,Potong 4,2,4.14,3.11,1.03,0.751,35000,91080,108850,17770,Tunai,Lunas
TRX-20260614-0286,2026-06-14,06:47,Depot Mie Pangsit 88,Langganan,Fillet Dada,24,49.49,37.22,12.27,0.752,48000,1088780,1786560,697780,Tempo_3H,Belum Lunas
TRX-20260614-0287,2026-06-14,03:56,Pecel Lele & Ayam Lamongan Cak Har,Langganan,Campur,29,62.04,46.41,15.63,0.748,35000,1364880,1624349,259469,Tempo_3H,Belum Lunas
TRX-20260614-0288,2026-06-14,05:57,Warung Padang Roda Jaya,Langganan,Potong 4,33,70.02,52.44,17.58,0.749,35000,1540440,1835400,294960,Tempo_7H,Lunas
TRX-20260614-0289,2026-06-14,06:53,Eceran Umum,Umum,Potong 12,1,1.71,1.23,0.48,0.718,36500,37620,44895,7275,Tunai,Lunas
TRX-20260615-0290,2026-06-15,05:06,Eceran Umum,Umum,Potong 8,2,4.12,2.95,1.17,0.715,36500,90640,107675,17035,Tunai,Lunas
TRX-20260615-0291,2026-06-15,06:55,Eceran Umum,Umum,Potong 12,2,4.0,2.96,1.04,0.74,36500,88000,108040,20040,Tunai,Lunas
TRX-20260615-0292,2026-06-15,04:45,Eceran Umum,Umum,Karkas Utuh,2,3.73,2.79,0.94,0.749,35000,82060,97650,15590,Tunai,Lunas
TRX-20260615-0293,2026-06-15,07:18,Bakso Solo Mas Mul,Langganan,Potong 8,8,14.89,11.12,3.77,0.747,36500,327580,405880,78300,Tempo_7H,Lunas
TRX-20260615-0294,2026-06-15,03:27,Eceran Umum,Umum,Potong 12,1,2.07,1.5,0.57,0.725,36500,45540,54750,9210,Tunai,Lunas
TRX-20260615-0295,2026-06-15,06:19,Eceran Umum,Umum,Fillet Dada,1,2.04,1.55,0.49,0.76,48000,44880,74400,29520,Tunai,Lunas
TRX-20260615-0296,2026-06-15,06:25,Bakso Solo Mas Mul,Langganan,Potong 8,29,60.4,45.84,14.56,0.759,36500,1328800,1673160,344360,Tempo_7H,Lunas
TRX-20260615-0297,2026-06-15,05:53,Bakso Solo Mas Mul,Langganan,Potong 4,21,47.56,35.62,11.94,0.749,35000,1046320,1246700,200380,Tempo_7H,Lunas
TRX-20260615-0298,2026-06-15,04:04,Pecel Lele & Ayam Lamongan Cak Har,Langganan,Fillet Dada,9,18.36,13.44,4.92,0.732,48000,403920,645120,241200,Tempo_3H,Belum Lunas
TRX-20260615-0299,2026-06-15,06:38,Bakso Solo Mas Mul,Langganan,Campur,7,14.13,10.54,3.59,0.746,35000,310860,368899,58039,Tempo_7H,Belum Lunas
TRX-20260615-0300,2026-06-15,06:59,Eceran Umum,Umum,Potong 8,2,4.06,3.08,0.98,0.758,36500,89319,112420,23101,Tunai,Lunas
TRX-20260615-0301,2026-06-15,03:29,Eceran Umum,Umum,Karkas Utuh,1,1.82,1.37,0.45,0.755,35000,40040,47950,7910,Tunai,Lunas
TRX-20260615-0302,2026-06-15,04:53,Eceran Umum,Umum,Potong 8,1,2.09,1.49,0.6,0.713,36500,45980,54385,8405,Tunai,Lunas
TRX-20260615-0303,2026-06-15,03:19,Warung Padang Roda Jaya,Langganan,Potong 12,15,28.04,20.67,7.37,0.737,36500,616880,754455,137575,Tempo_7H,Belum Lunas
TRX-20260615-0304,2026-06-15,08:17,Eceran Umum,Umum,Potong 12,1,2.18,1.61,0.57,0.738,36500,47960,58765,10805,Tunai,Lunas
TRX-20260615-0305,2026-06-15,03:43,Warung Nasi Sunda Ibu Imas,Langganan,Fillet Dada,18,38.98,29.59,9.39,0.759,48000,857559,1420320,562761,Tempo_7H,Belum Lunas
TRX-20260615-0306,2026-06-15,04:23,Katering Berkah Ibu,Langganan,Potong 4,23,52.58,38.91,13.67,0.74,35000,1156760,1361849,205089,Tempo_14H,Belum Lunas
TRX-20260615-0307,2026-06-15,03:03,Eceran Umum,Umum,Potong 8,1,2.13,1.57,0.56,0.738,36500,46860,57305,10445,Tunai,Lunas
TRX-20260615-0308,2026-06-15,03:33,Warung Padang Roda Jaya,Langganan,Potong 8,15,27.51,20.49,7.02,0.745,36500,605220,747885,142665,Tempo_7H,Belum Lunas
TRX-20260615-0309,2026-06-15,05:00,Eceran Umum,Umum,Potong 8,1,2.17,1.63,0.54,0.752,36500,47740,59494,11754,Tunai,Lunas
TRX-20260615-0310,2026-06-15,05:47,Katering Berkah Ibu,Langganan,Potong 8,11,22.8,16.26,6.54,0.713,36500,501600,593490,91890,Tempo_14H,Belum Lunas
TRX-20260615-0311,2026-06-15,05:50,Pecel Lele & Ayam Lamongan Cak Har,Langganan,Fillet Dada,11,24.6,18.13,6.47,0.737,48000,541200,870240,329040,Tempo_3H,Belum Lunas
TRX-20260615-0312,2026-06-15,03:39,Bakso Solo Mas Mul,Langganan,Fillet Dada,26,48.9,35.35,13.55,0.723,48000,1075800,1696800,621000,Tempo_7H,Belum Lunas
TRX-20260616-0313,2026-06-16,07:01,Warung Nasi Sunda Ibu Imas,Langganan,Karkas Utuh,34,67.04,48.54,18.5,0.724,35000,1474880,1698900,224020,Tempo_7H,Belum Lunas
TRX-20260616-0314,2026-06-16,04:22,Pecel Lele & Ayam Lamongan Cak Har,Langganan,Fillet Dada,22,40.63,29.74,10.89,0.732,48000,893860,1427520,533660,Tempo_3H,Lunas
TRX-20260616-0315,2026-06-16,03:59,Eceran Umum,Umum,Fillet Dada,2,3.68,2.67,1.01,0.726,48000,80960,128160,47200,Tunai,Lunas
TRX-20260616-0316,2026-06-16,04:45,Katering Berkah Ibu,Langganan,Potong 8,14,28.33,20.91,7.42,0.738,36500,623260,763215,139955,Tempo_14H,Lunas
TRX-20260616-0317,2026-06-16,04:26,Depot Mie Pangsit 88,Langganan,Potong 4,12,24.64,18.23,6.41,0.74,35000,542080,638050,95970,Tempo_3H,Lunas
TRX-20260616-0318,2026-06-16,06:47,Eceran Umum,Umum,Karkas Utuh,2,4.2,3.18,1.02,0.758,35000,92400,111300,18900,Tunai,Lunas
TRX-20260616-0319,2026-06-16,03:10,Pecel Lele & Ayam Lamongan Cak Har,Langganan,Potong 8,20,45.88,33.68,12.2,0.734,36500,1009360,1229320,219960,Tempo_3H,Lunas
TRX-20260616-0320,2026-06-16,04:27,Bakso Solo Mas Mul,Langganan,Fillet Dada,31,58.31,41.46,16.85,0.711,48000,1282820,1990080,707260,Tempo_7H,Belum Lunas
TRX-20260616-0321,2026-06-16,06:33,Warung Padang Roda Jaya,Langganan,Potong 4,34,73.64,52.95,20.69,0.719,35000,1620080,1853250,233170,Tempo_7H,Belum Lunas
TRX-20260616-0322,2026-06-16,05:18,Pecel Lele & Ayam Lamongan Cak Har,Langganan,Fillet Dada,29,59.03,44.33,14.7,0.751,48000,1298660,2127840,829180,Tempo_3H,Belum Lunas
TRX-20260616-0323,2026-06-16,05:02,Eceran Umum,Umum,Fillet Dada,2,3.57,2.66,0.91,0.746,48000,78540,127680,49140,Tunai,Lunas
TRX-20260616-0324,2026-06-16,03:20,Pecel Lele & Ayam Lamongan Cak Har,Langganan,Potong 8,6,11.84,8.68,3.16,0.733,36500,260480,316820,56340,Tempo_3H,Belum Lunas
TRX-20260616-0325,2026-06-16,06:21,Katering Berkah Ibu,Langganan,Potong 12,16,32.57,24.72,7.85,0.759,36500,716540,902280,185740,Tempo_14H,Belum Lunas
TRX-20260616-0326,2026-06-16,06:01,Eceran Umum,Umum,Potong 4,2,3.47,2.49,0.98,0.719,35000,76340,87150,10810,Tunai,Lunas
TRX-20260616-0327,2026-06-16,04:07,Pecel Lele & Ayam Lamongan Cak Har,Langganan,Karkas Utuh,7,15.03,11.06,3.97,0.736,35000,330660,387100,56440,Tempo_3H,Belum Lunas
TRX-20260616-0328,2026-06-16,03:52,Eceran Umum,Umum,Potong 8,2,4.34,3.27,1.07,0.754,36500,95480,119355,23875,Tunai,Lunas
TRX-20260616-0329,2026-06-16,07:12,Bakso Solo Mas Mul,Langganan,Fillet Dada,23,51.83,38.56,13.27,0.744,48000,1140260,1850880,710620,Tempo_7H,Belum Lunas
TRX-20260616-0330,2026-06-16,05:37,Eceran Umum,Umum,Potong 4,1,1.97,1.44,0.53,0.729,35000,43340,50400,7060,Tunai,Lunas
TRX-20260616-0331,2026-06-16,03:19,Warung Nasi Sunda Ibu Imas,Langganan,Karkas Utuh,12,26.04,19.69,6.35,0.756,35000,572880,689150,116270,Tempo_7H,Belum Lunas
TRX-20260616-0332,2026-06-16,04:50,Pecel Lele & Ayam Lamongan Cak Har,Langganan,Fillet Dada,23,50.66,36.02,14.64,0.711,48000,1114520,1728960,614440,Tempo_3H,Belum Lunas
TRX-20260616-0333,2026-06-16,04:54,Bakso Solo Mas Mul,Langganan,Potong 8,23,51.44,36.83,14.61,0.716,36500,1131680,1344295,212615,Tempo_7H,Belum Lunas
TRX-20260616-0334,2026-06-16,03:29,Warung Padang Roda Jaya,Langganan,Karkas Utuh,5,10.17,7.37,2.8,0.725,35000,223740,257950,34210,Tempo_7H,Belum Lunas
TRX-20260617-0335,2026-06-17,06:40,Eceran Umum,Umum,Karkas Utuh,2,4.28,3.23,1.05,0.754,35000,94160,113050,18890,Tunai,Lunas
TRX-20260617-0336,2026-06-17,04:55,Eceran Umum,Umum,Karkas Utuh,1,1.97,1.48,0.49,0.752,35000,43340,51800,8460,Tunai,Lunas
TRX-20260617-0337,2026-06-17,05:10,Eceran Umum,Umum,Campur,2,3.97,2.95,1.02,0.743,35000,87340,103250,15910,Tunai,Lunas
TRX-20260617-0338,2026-06-17,04:43,Eceran Umum,Umum,Karkas Utuh,1,1.96,1.4,0.56,0.712,35000,43120,49000,5880,Tunai,Lunas
TRX-20260617-0339,2026-06-17,03:31,Ayam Geprek Sambal Bawang,Langganan,Potong 8,17,36.5,26.06,10.44,0.714,36500,803000,951190,148190,Tunai,Belum Lunas
TRX-20260617-0340,2026-06-17,03:18,Warung Padang Roda Jaya,Langganan,Fillet Dada,33,62.21,47.09,15.12,0.757,48000,1368620,2260320,891700,Tempo_7H,Belum Lunas
TRX-20260617-0341,2026-06-17,06:54,Pecel Lele & Ayam Lamongan Cak Har,Langganan,Potong 8,32,61.35,45.95,15.4,0.749,36500,1349700,1677175,327475,Tempo_3H,Belum Lunas
TRX-20260617-0342,2026-06-17,04:26,Eceran Umum,Umum,Potong 12,1,1.83,1.34,0.49,0.73,36500,40260,48910,8650,Tunai,Lunas
TRX-20260617-0343,2026-06-17,03:11,Ayam Geprek Sambal Bawang,Langganan,Potong 12,31,57.97,41.97,16.0,0.724,36500,1275340,1531905,256565,Tunai,Belum Lunas
TRX-20260617-0344,2026-06-17,05:39,Eceran Umum,Umum,Potong 8,2,3.68,2.65,1.03,0.72,36500,80960,96725,15765,Tunai,Lunas
TRX-20260617-0345,2026-06-17,03:45,Warung Padang Roda Jaya,Langganan,Karkas Utuh,12,21.82,15.6,6.22,0.715,35000,480040,546000,65960,Tempo_7H,Belum Lunas
TRX-20260617-0346,2026-06-17,05:41,Pecel Lele & Ayam Lamongan Cak Har,Langganan,Potong 4,34,65.92,49.51,16.41,0.751,35000,1450240,1732850,282610,Tempo_3H,Belum Lunas
TRX-20260617-0347,2026-06-17,05:58,Pecel Lele & Ayam Lamongan Cak Har,Langganan,Potong 8,13,23.59,17.55,6.04,0.744,36500,518980,640575,121595,Tempo_3H,Lunas
TRX-20260617-0348,2026-06-17,08:44,Warung Padang Roda Jaya,Langganan,Potong 8,16,34.64,26.12,8.52,0.754,36500,762080,953380,191300,Tempo_7H,Belum Lunas
TRX-20260617-0349,2026-06-17,06:32,Eceran Umum,Umum,Fillet Dada,1,2.18,1.63,0.55,0.746,48000,47960,78240,30280,Tunai,Lunas
TRX-20260617-0350,2026-06-17,03:29,Ayam Geprek Sambal Bawang,Langganan,Potong 4,27,49.15,37.06,12.09,0.754,35000,1081300,1297100,215800,Tunai,Belum Lunas
TRX-20260617-0351,2026-06-17,07:35,Katering Berkah Ibu,Langganan,Potong 4,23,48.26,35.57,12.69,0.737,35000,1061720,1244950,183230,Tempo_14H,Belum Lunas
TRX-20260618-0352,2026-06-18,09:28,Eceran Umum,Umum,Potong 12,2,4.29,3.17,1.12,0.74,36500,94380,115705,21325,Tunai,Lunas
TRX-20260618-0353,2026-06-18,03:08,Warung Padang Roda Jaya,Langganan,Potong 12,32,60.35,44.78,15.57,0.742,36500,1327700,1634470,306770,Tempo_7H,Belum Lunas
TRX-20260618-0354,2026-06-18,07:29,Warung Padang Roda Jaya,Langganan,Karkas Utuh,21,45.1,33.24,11.86,0.737,35000,992200,1163400,171200,Tempo_7H,Belum Lunas
TRX-20260618-0355,2026-06-18,04:36,Eceran Umum,Umum,Karkas Utuh,1,1.81,1.33,0.48,0.733,35000,39820,46550,6730,Tunai,Lunas
TRX-20260618-0356,2026-06-18,03:20,Pecel Lele & Ayam Lamongan Cak Har,Langganan,Potong 12,22,44.04,31.44,12.6,0.714,36500,968880,1147560,178680,Tempo_3H,Belum Lunas
TRX-20260618-0357,2026-06-18,05:43,Ayam Geprek Sambal Bawang,Langganan,Fillet Dada,7,14.18,10.48,3.7,0.739,48000,311960,503040,191080,Tunai,Belum Lunas
TRX-20260618-0358,2026-06-18,08:31,Eceran Umum,Umum,Potong 4,1,1.71,1.25,0.46,0.73,35000,37620,43750,6130,Tunai,Lunas
TRX-20260618-0359,2026-06-18,05:27,Warung Padang Roda Jaya,Langganan,Potong 8,8,14.58,10.91,3.67,0.748,36500,320760,398215,77455,Tempo_7H,Belum Lunas
TRX-20260618-0360,2026-06-18,05:17,Eceran Umum,Umum,Potong 12,1,1.89,1.42,0.47,0.75,36500,41580,51830,10250,Tunai,Lunas
TRX-20260618-0361,2026-06-18,03:04,Depot Mie Pangsit 88,Langganan,Potong 8,20,38.18,28.98,9.2,0.759,36500,839960,1057770,217810,Tempo_3H,Belum Lunas
TRX-20260618-0362,2026-06-18,03:04,Katering Berkah Ibu,Langganan,Potong 4,28,57.48,43.57,13.91,0.758,35000,1264560,1524950,260390,Tempo_14H,Belum Lunas
TRX-20260618-0363,2026-06-18,03:26,Eceran Umum,Umum,Karkas Utuh,2,3.71,2.66,1.05,0.717,35000,81620,93100,11480,Tunai,Lunas
TRX-20260618-0364,2026-06-18,03:57,Warung Padang Roda Jaya,Langganan,Karkas Utuh,14,27.82,20.42,7.4,0.734,35000,612040,714700,102660,Tempo_7H,Belum Lunas
TRX-20260618-0365,2026-06-18,05:28,Warung Nasi Sunda Ibu Imas,Langganan,Potong 4,19,35.64,25.38,10.26,0.712,35000,784080,888300,104220,Tempo_7H,Belum Lunas
TRX-20260618-0366,2026-06-18,10:40,Bakso Solo Mas Mul,Langganan,Potong 8,6,11.31,8.17,3.14,0.722,36500,248820,298205,49385,Tempo_7H,Belum Lunas
TRX-20260618-0367,2026-06-18,07:44,Eceran Umum,Umum,Karkas Utuh,1,1.95,1.45,0.5,0.744,35000,42900,50750,7850,Tunai,Lunas
TRX-20260618-0368,2026-06-18,07:03,Eceran Umum,Umum,Potong 4,2,3.98,3.02,0.96,0.76,35000,87560,105700,18140,Tunai,Lunas
TRX-20260619-0369,2026-06-19,05:16,Warung Padang Roda Jaya,Langganan,Potong 12,22,46.46,34.29,12.17,0.738,36500,1022120,1251585,229465,Tempo_7H,Belum Lunas
TRX-20260619-0370,2026-06-19,04:27,Eceran Umum,Umum,Fillet Dada,1,1.97,1.42,0.55,0.721,48000,43340,68160,24820,Tunai,Lunas
TRX-20260619-0371,2026-06-19,08:10,Warung Nasi Sunda Ibu Imas,Langganan,Potong 4,19,42.46,30.44,12.02,0.717,35000,934120,1065400,131280,Tempo_7H,Belum Lunas
TRX-20260619-0372,2026-06-19,07:19,Eceran Umum,Umum,Potong 8,2,4.34,3.11,1.23,0.717,36500,95480,113515,18035,Tunai,Lunas
TRX-20260619-0373,2026-06-19,10:43,Warung Padang Roda Jaya,Langganan,Fillet Dada,10,20.94,15.27,5.67,0.729,48000,460680,732960,272280,Tempo_7H,Belum Lunas
TRX-20260619-0374,2026-06-19,07:14,Eceran Umum,Umum,Potong 12,2,3.89,2.87,1.02,0.739,36500,85580,104755,19175,Tunai,Lunas
TRX-20260619-0375,2026-06-19,10:17,Ayam Geprek Sambal Bawang,Langganan,Potong 8,19,41.46,30.64,10.82,0.739,36500,912120,1118360,206240,Tunai,Belum Lunas
TRX-20260619-0376,2026-06-19,03:51,Eceran Umum,Umum,Karkas Utuh,1,2.12,1.6,0.52,0.755,35000,46640,56000,9360,Tunai,Lunas
TRX-20260619-0377,2026-06-19,08:58,Eceran Umum,Umum,Karkas Utuh,1,2.01,1.52,0.49,0.756,35000,44219,53200,8981,Tunai,Lunas
TRX-20260619-0378,2026-06-19,05:28,Eceran Umum,Umum,Karkas Utuh,1,2.05,1.47,0.58,0.717,35000,45099,51450,6351,Tunai,Lunas
TRX-20260619-0379,2026-06-19,04:01,Eceran Umum,Umum,Potong 4,1,1.81,1.37,0.44,0.758,35000,39820,47950,8130,Tunai,Lunas
TRX-20260619-0380,2026-06-19,10:07,Eceran Umum,Umum,Campur,2,3.69,2.62,1.07,0.711,35000,81180,91700,10520,Tunai,Lunas
TRX-20260619-0381,2026-06-19,07:00,Bakso Solo Mas Mul,Langganan,Karkas Utuh,17,37.0,27.68,9.32,0.748,35000,814000,968800,154800,Tempo_7H,Belum Lunas
TRX-20260619-0382,2026-06-19,07:01,Bakso Solo Mas Mul,Langganan,Karkas Utuh,27,55.18,39.4,15.78,0.714,35000,1213960,1379000,165040,Tempo_7H,Belum Lunas
TRX-20260619-0383,2026-06-19,03:34,Eceran Umum,Umum,Potong 8,2,4.21,3.19,1.02,0.757,36500,92620,116435,23815,Tunai,Lunas
TRX-20260619-0384,2026-06-19,09:58,Eceran Umum,Umum,Fillet Dada,2,3.48,2.56,0.92,0.735,48000,76560,122880,46320,Tunai,Lunas
TRX-20260620-0385,2026-06-20,05:01,Eceran Umum,Umum,Karkas Utuh,1,2.03,1.46,0.57,0.721,35000,44659,51100,6441,Tunai,Lunas
TRX-20260620-0386,2026-06-20,05:22,Ayam Geprek Sambal Bawang,Langganan,Campur,34,65.72,46.73,18.99,0.711,35000,1445840,1635550,189710,Tunai,Belum Lunas
TRX-20260620-0387,2026-06-20,05:29,Pecel Lele & Ayam Lamongan Cak Har,Langganan,Campur,25,47.68,34.85,12.83,0.731,35000,1048960,1219750,170790,Tempo_3H,Belum Lunas
TRX-20260620-0388,2026-06-20,06:31,Eceran Umum,Umum,Potong 8,2,4.22,3.11,1.11,0.738,36500,92840,113515,20675,Tunai,Lunas
TRX-20260620-0389,2026-06-20,05:49,Katering Berkah Ibu,Langganan,Potong 12,24,46.84,33.91,12.93,0.724,36500,1030480,1237714,207234,Tempo_14H,Belum Lunas
TRX-20260620-0390,2026-06-20,08:07,Eceran Umum,Umum,Potong 4,1,1.78,1.34,0.44,0.754,35000,39160,46900,7740,Tunai,Lunas
TRX-20260620-0391,2026-06-20,06:40,Pecel Lele & Ayam Lamongan Cak Har,Langganan,Potong 12,19,35.18,25.29,9.89,0.719,36500,773960,923085,149125,Tempo_3H,Belum Lunas
TRX-20260620-0392,2026-06-20,05:16,Bakso Solo Mas Mul,Langganan,Karkas Utuh,22,44.74,32.53,12.21,0.727,35000,984280,1138550,154270,Tempo_7H,Belum Lunas
TRX-20260620-0393,2026-06-20,09:56,Eceran Umum,Umum,Potong 4,1,1.98,1.49,0.49,0.753,35000,43560,52150,8590,Tunai,Lunas
TRX-20260620-0394,2026-06-20,08:50,Depot Mie Pangsit 88,Langganan,Potong 8,21,41.76,31.61,10.15,0.757,36500,918720,1153765,235045,Tempo_3H,Belum Lunas
TRX-20260620-0395,2026-06-20,03:28,Eceran Umum,Umum,Potong 8,1,2.12,1.58,0.54,0.744,36500,46640,57670,11030,Tunai,Lunas
TRX-20260620-0396,2026-06-20,04:42,Eceran Umum,Umum,Potong 12,1,1.84,1.32,0.52,0.716,36500,40480,48180,7700,Tunai,Lunas
TRX-20260620-0397,2026-06-20,09:08,Katering Berkah Ibu,Langganan,Karkas Utuh,23,48.69,37.0,11.69,0.76,35000,1071180,1295000,223820,Tempo_14H,Lunas
TRX-20260620-0398,2026-06-20,04:40,Warung Padang Roda Jaya,Langganan,Potong 8,20,38.09,27.73,10.36,0.728,36500,837980,1012145,174165,Tempo_7H,Belum Lunas
TRX-20260620-0399,2026-06-20,07:17,Eceran Umum,Umum,Potong 8,2,4.25,3.06,1.19,0.721,36500,93500,111690,18190,Tunai,Lunas
TRX-20260620-0400,2026-06-20,05:55,Katering Berkah Ibu,Langganan,Potong 12,8,17.11,12.66,4.45,0.74,36500,376420,462090,85670,Tempo_14H,Belum Lunas
TRX-20260620-0401,2026-06-20,06:17,Eceran Umum,Umum,Potong 12,2,4.04,2.95,1.09,0.73,36500,88880,107675,18795,Tunai,Lunas
TRX-20260620-0402,2026-06-20,04:35,Bakso Solo Mas Mul,Langganan,Karkas Utuh,15,29.76,21.22,8.54,0.713,35000,654720,742700,87980,Tempo_7H,Lunas
TRX-20260620-0403,2026-06-20,04:52,Warung Padang Roda Jaya,Langganan,Potong 12,17,33.82,24.59,9.23,0.727,36500,744040,897535,153495,Tempo_7H,Lunas
TRX-20260620-0404,2026-06-20,05:24,Eceran Umum,Umum,Potong 12,2,3.93,2.91,1.02,0.74,36500,86460,106215,19755,Tunai,Lunas
TRX-20260620-0405,2026-06-20,05:35,Eceran Umum,Umum,Karkas Utuh,2,4.08,2.96,1.12,0.726,35000,89760,103600,13840,Tunai,Lunas
TRX-20260620-0406,2026-06-20,07:39,Bakso Solo Mas Mul,Langganan,Karkas Utuh,16,29.8,21.19,8.61,0.711,35000,655600,741650,86050,Tempo_7H,Belum Lunas
TRX-20260620-0407,2026-06-20,03:05,Pecel Lele & Ayam Lamongan Cak Har,Langganan,Potong 8,25,49.27,36.8,12.47,0.747,36500,1083940,1343200,259260,Tempo_3H,Lunas
TRX-20260620-0408,2026-06-20,05:15,Katering Berkah Ibu,Langganan,Potong 4,8,16.59,12.51,4.08,0.754,35000,364980,437850,72870,Tempo_14H,Belum Lunas
TRX-20260620-0409,2026-06-20,07:22,Warung Padang Roda Jaya,Langganan,Fillet Dada,12,22.84,16.4,6.44,0.718,48000,502480,787199,284719,Tempo_7H,Belum Lunas
TRX-20260620-0410,2026-06-20,09:33,Bakso Solo Mas Mul,Langganan,Potong 8,19,34.77,25.87,8.9,0.744,36500,764940,944255,179315,Tempo_7H,Belum Lunas
TRX-20260620-0411,2026-06-20,04:55,Warung Nasi Sunda Ibu Imas,Langganan,Campur,22,46.69,34.46,12.23,0.738,35000,1027180,1206100,178920,Tempo_7H,Belum Lunas
TRX-20260620-0412,2026-06-20,06:06,Eceran Umum,Umum,Karkas Utuh,2,4.25,3.09,1.16,0.726,35000,93500,108150,14650,Tunai,Lunas
TRX-20260620-0413,2026-06-20,10:07,Eceran Umum,Umum,Potong 12,1,1.78,1.32,0.46,0.742,36500,39160,48180,9020,Tunai,Lunas
TRX-20260620-0414,2026-06-20,09:37,Pecel Lele & Ayam Lamongan Cak Har,Langganan,Potong 4,32,66.22,47.21,19.01,0.713,35000,1456840,1652350,195510,Tempo_3H,Belum Lunas
TRX-20260620-0415,2026-06-20,09:19,Katering Berkah Ibu,Langganan,Potong 12,15,27.33,19.98,7.35,0.731,36500,601260,729270,128010,Tempo_14H,Belum Lunas
TRX-20260621-0416,2026-06-21,05:20,Eceran Umum,Umum,Campur,2,3.67,2.75,0.92,0.75,35000,80740,96250,15510,Tunai,Lunas
TRX-20260621-0417,2026-06-21,05:12,Warung Padang Roda Jaya,Langganan,Potong 8,7,13.18,9.65,3.53,0.732,36500,289960,352225,62265,Tempo_7H,Lunas
TRX-20260621-0418,2026-06-21,07:47,Eceran Umum,Umum,Campur,2,4.25,3.07,1.18,0.722,35000,93500,107450,13950,Tunai,Lunas
TRX-20260621-0419,2026-06-21,04:34,Warung Nasi Sunda Ibu Imas,Langganan,Potong 8,28,60.36,45.81,14.55,0.759,36500,1327920,1672065,344145,Tempo_7H,Belum Lunas
TRX-20260621-0420,2026-06-21,05:18,Eceran Umum,Umum,Karkas Utuh,2,4.02,3.05,0.97,0.759,35000,88439,106750,18311,Tunai,Lunas
TRX-20260621-0421,2026-06-21,07:58,Eceran Umum,Umum,Potong 4,1,2.18,1.6,0.58,0.736,35000,47960,56000,8040,Tunai,Lunas
TRX-20260621-0422,2026-06-21,07:12,Warung Nasi Sunda Ibu Imas,Langganan,Fillet Dada,34,73.41,53.0,20.41,0.722,48000,1615020,2544000,928980,Tempo_7H,Belum Lunas
TRX-20260621-0423,2026-06-21,03:23,Katering Berkah Ibu,Langganan,Fillet Dada,33,67.63,48.08,19.55,0.711,48000,1487860,2307840,819980,Tempo_14H,Lunas
TRX-20260621-0424,2026-06-21,08:41,Eceran Umum,Umum,Fillet Dada,1,1.81,1.31,0.5,0.726,48000,39820,62880,23060,Tunai,Lunas
TRX-20260621-0425,2026-06-21,06:26,Pecel Lele & Ayam Lamongan Cak Har,Langganan,Potong 4,31,56.25,41.29,14.96,0.734,35000,1237500,1445150,207650,Tempo_3H,Belum Lunas
TRX-20260621-0426,2026-06-21,04:55,Eceran Umum,Umum,Campur,2,4.39,3.13,1.26,0.712,35000,96580,109550,12970,Tunai,Lunas
TRX-20260621-0427,2026-06-21,04:19,Bakso Solo Mas Mul,Langganan,Karkas Utuh,34,76.81,58.22,18.59,0.758,35000,1689820,2037700,347880,Tempo_7H,Belum Lunas
TRX-20260621-0428,2026-06-21,07:51,Eceran Umum,Umum,Potong 8,1,1.88,1.4,0.48,0.743,36500,41360,51100,9740,Tunai,Lunas
TRX-20260621-0429,2026-06-21,04:44,Eceran Umum,Umum,Campur,1,1.95,1.41,0.54,0.721,35000,42900,49350,6450,Tunai,Lunas
TRX-20260621-0430,2026-06-21,03:16,Eceran Umum,Umum,Karkas Utuh,2,3.68,2.79,0.89,0.758,35000,80960,97650,16690,Tunai,Lunas
TRX-20260621-0431,2026-06-21,05:50,Depot Mie Pangsit 88,Langganan,Potong 8,16,34.87,25.25,9.62,0.724,36500,767140,921625,154485,Tempo_3H,Belum Lunas
TRX-20260621-0432,2026-06-21,09:39,Ayam Geprek Sambal Bawang,Langganan,Potong 8,18,39.42,28.93,10.49,0.734,36500,867240,1055945,188705,Tunai,Belum Lunas
TRX-20260621-0433,2026-06-21,05:40,Eceran Umum,Umum,Potong 4,2,4.26,3.07,1.19,0.72,35000,93720,107450,13730,Tunai,Lunas
TRX-20260621-0434,2026-06-21,03:14,Eceran Umum,Umum,Fillet Dada,1,1.9,1.43,0.47,0.751,48000,41800,68640,26840,Tunai,Lunas
TRX-20260621-0435,2026-06-21,04:33,Pecel Lele & Ayam Lamongan Cak Har,Langganan,Fillet Dada,28,59.57,42.77,16.8,0.718,48000,1310540,2052960,742420,Tempo_3H,Belum Lunas
TRX-20260621-0436,2026-06-21,04:22,Warung Padang Roda Jaya,Langganan,Campur,34,70.49,51.95,18.54,0.737,35000,1550780,1818250,267470,Tempo_7H,Belum Lunas
TRX-20260621-0437,2026-06-21,04:56,Eceran Umum,Umum,Campur,1,1.8,1.28,0.52,0.711,35000,39600,44800,5200,Tunai,Lunas
TRX-20260621-0438,2026-06-21,08:21,Eceran Umum,Umum,Potong 12,2,3.71,2.77,0.94,0.747,36500,81620,101105,19485,Tunai,Lunas
TRX-20260622-0439,2026-06-22,07:22,Bakso Solo Mas Mul,Langganan,Potong 12,34,66.73,49.78,16.95,0.746,36500,1468060,1816970,348910,Tempo_7H,Belum Lunas
TRX-20260622-0440,2026-06-22,04:58,Eceran Umum,Umum,Campur,2,4.38,3.28,1.1,0.748,35000,96360,114800,18440,Tunai,Lunas
TRX-20260622-0441,2026-06-22,05:48,Eceran Umum,Umum,Potong 8,1,1.97,1.47,0.5,0.745,36500,43340,53655,10315,Tunai,Lunas
TRX-20260622-0442,2026-06-22,07:08,Eceran Umum,Umum,Potong 4,2,3.44,2.49,0.95,0.723,35000,75680,87150,11470,Tunai,Lunas
TRX-20260622-0443,2026-06-22,04:24,Depot Mie Pangsit 88,Langganan,Karkas Utuh,9,16.66,12.26,4.4,0.736,35000,366520,429100,62580,Tempo_3H,Belum Lunas
TRX-20260622-0444,2026-06-22,09:23,Eceran Umum,Umum,Karkas Utuh,1,2.06,1.51,0.55,0.733,35000,45320,52850,7530,Tunai,Lunas
TRX-20260622-0445,2026-06-22,06:38,Ayam Geprek Sambal Bawang,Langganan,Fillet Dada,29,56.17,42.13,14.04,0.75,48000,1235740,2022240,786500,Tunai,Lunas
TRX-20260622-0446,2026-06-22,04:51,Eceran Umum,Umum,Karkas Utuh,1,2.05,1.53,0.52,0.746,35000,45099,53550,8451,Tunai,Lunas
TRX-20260622-0447,2026-06-22,09:00,Depot Mie Pangsit 88,Langganan,Potong 4,30,56.45,42.28,14.17,0.749,35000,1241900,1479800,237900,Tempo_3H,Belum Lunas
TRX-20260622-0448,2026-06-22,03:51,Eceran Umum,Umum,Karkas Utuh,2,4.1,3.11,0.99,0.759,35000,90199,108850,18651,Tunai,Lunas
TRX-20260622-0449,2026-06-22,04:58,Eceran Umum,Umum,Potong 8,2,3.95,2.99,0.96,0.758,36500,86900,109135,22235,Tunai,Lunas
TRX-20260622-0450,2026-06-22,05:26,Eceran Umum,Umum,Potong 8,2,3.58,2.69,0.89,0.75,36500,78760,98185,19425,Tunai,Lunas
TRX-20260622-0451,2026-06-22,04:58,Depot Mie Pangsit 88,Langganan,Fillet Dada,29,54.48,39.5,14.98,0.725,48000,1198560,1896000,697440,Tempo_3H,Belum Lunas
TRX-20260622-0452,2026-06-22,06:36,Ayam Geprek Sambal Bawang,Langganan,Karkas Utuh,18,38.02,28.1,9.92,0.739,35000,836440,983500,147060,Tunai,Belum Lunas
TRX-20260622-0453,2026-06-22,03:15,Ayam Geprek Sambal Bawang,Langganan,Karkas Utuh,5,10.37,7.51,2.86,0.724,35000,228139,262850,34711,Tunai,Belum Lunas
TRX-20260622-0454,2026-06-22,06:32,Eceran Umum,Umum,Potong 8,2,3.8,2.71,1.09,0.713,36500,83600,98915,15315,Tunai,Lunas
TRX-20260622-0455,2026-06-22,04:47,Pecel Lele & Ayam Lamongan Cak Har,Langganan,Potong 4,26,51.12,36.45,14.67,0.713,35000,1124640,1275750,151110,Tempo_3H,Belum Lunas
TRX-20260622-0456,2026-06-22,06:53,Warung Nasi Sunda Ibu Imas,Langganan,Potong 12,27,51.29,37.49,13.8,0.731,36500,1128380,1368385,240005,Tempo_7H,Belum Lunas
TRX-20260623-0457,2026-06-23,04:09,Warung Nasi Sunda Ibu Imas,Langganan,Campur,12,22.01,16.2,5.81,0.736,35000,484220,567000,82780,Tempo_7H,Lunas
TRX-20260623-0458,2026-06-23,03:40,Warung Nasi Sunda Ibu Imas,Langganan,Potong 12,30,62.73,45.17,17.56,0.72,36500,1380060,1648705,268645,Tempo_7H,Belum Lunas
TRX-20260623-0459,2026-06-23,06:33,Eceran Umum,Umum,Potong 8,2,4.03,2.97,1.06,0.737,36500,88660,108405,19745,Tunai,Lunas
TRX-20260623-0460,2026-06-23,03:54,Katering Berkah Ibu,Langganan,Karkas Utuh,33,74.67,53.24,21.43,0.713,35000,1642740,1863400,220660,Tempo_14H,Belum Lunas
TRX-20260623-0461,2026-06-23,05:34,Katering Berkah Ibu,Langganan,Potong 12,34,72.11,53.72,18.39,0.745,36500,1586420,1960780,374360,Tempo_14H,Belum Lunas
TRX-20260623-0462,2026-06-23,05:31,Depot Mie Pangsit 88,Langganan,Potong 12,13,26.82,19.36,7.46,0.722,36500,590040,706640,116600,Tempo_3H,Lunas
TRX-20260623-0463,2026-06-23,03:24,Eceran Umum,Umum,Karkas Utuh,1,1.81,1.37,0.44,0.757,35000,39820,47950,8130,Tunai,Lunas
TRX-20260623-0464,2026-06-23,07:35,Eceran Umum,Umum,Potong 12,1,1.73,1.28,0.45,0.741,36500,38060,46720,8660,Tunai,Lunas
TRX-20260623-0465,2026-06-23,09:08,Eceran Umum,Umum,Potong 8,1,1.81,1.35,0.46,0.746,36500,39820,49275,9455,Tunai,Lunas
TRX-20260623-0466,2026-06-23,06:05,Depot Mie Pangsit 88,Langganan,Campur,21,43.03,32.14,10.89,0.747,35000,946660,1124900,178240,Tempo_3H,Belum Lunas
TRX-20260623-0467,2026-06-23,03:24,Ayam Geprek Sambal Bawang,Langganan,Potong 8,19,41.96,30.88,11.08,0.736,36500,923120,1127120,204000,Tunai,Belum Lunas
TRX-20260623-0468,2026-06-23,04:42,Warung Nasi Sunda Ibu Imas,Langganan,Potong 12,14,30.11,21.68,8.43,0.72,36500,662420,791320,128900,Tempo_7H,Belum Lunas
TRX-20260623-0469,2026-06-23,03:51,Pecel Lele & Ayam Lamongan Cak Har,Langganan,Karkas Utuh,5,9.54,6.91,2.63,0.724,35000,209879,241850,31971,Tempo_3H,Lunas
TRX-20260623-0470,2026-06-23,05:02,Eceran Umum,Umum,Potong 4,1,2.04,1.46,0.58,0.714,35000,44880,51100,6220,Tunai,Lunas
TRX-20260623-0471,2026-06-23,07:37,Warung Nasi Sunda Ibu Imas,Langganan,Potong 8,8,18.13,13.36,4.77,0.737,36500,398860,487640,88780,Tempo_7H,Lunas
TRX-20260623-0472,2026-06-23,06:55,Depot Mie Pangsit 88,Langganan,Campur,12,22.01,16.05,5.96,0.729,35000,484220,561750,77530,Tempo_3H,Belum Lunas
TRX-20260623-0473,2026-06-23,05:48,Depot Mie Pangsit 88,Langganan,Fillet Dada,5,11.24,8.35,2.89,0.743,48000,247280,400800,153520,Tempo_3H,Belum Lunas
TRX-20260623-0474,2026-06-23,06:42,Warung Padang Roda Jaya,Langganan,Potong 12,10,20.14,14.74,5.4,0.732,36500,443080,538010,94930,Tempo_7H,Belum Lunas
TRX-20260623-0475,2026-06-23,03:33,Warung Nasi Sunda Ibu Imas,Langganan,Potong 8,15,31.49,22.67,8.82,0.72,36500,692780,827455,134675,Tempo_7H,Belum Lunas
TRX-20260623-0476,2026-06-23,05:23,Eceran Umum,Umum,Campur,1,1.84,1.37,0.47,0.746,35000,40480,47950,7470,Tunai,Lunas
TRX-20260623-0477,2026-06-23,05:37,Eceran Umum,Umum,Karkas Utuh,2,3.92,2.94,0.98,0.749,35000,86240,102900,16660,Tunai,Lunas
TRX-20260623-0478,2026-06-23,06:02,Warung Nasi Sunda Ibu Imas,Langganan,Fillet Dada,24,48.55,36.41,12.14,0.75,48000,1068100,1747679,679579,Tempo_7H,Lunas
TRX-20260624-0479,2026-06-24,04:57,Depot Mie Pangsit 88,Langganan,Fillet Dada,29,64.21,46.3,17.91,0.721,48000,1412619,2222400,809781,Tempo_3H,Belum Lunas
TRX-20260624-0480,2026-06-24,06:48,Pecel Lele & Ayam Lamongan Cak Har,Langganan,Potong 8,11,21.07,15.3,5.77,0.726,36500,463540,558450,94910,Tempo_3H,Belum Lunas
TRX-20260624-0481,2026-06-24,07:38,Eceran Umum,Umum,Karkas Utuh,2,4.19,3.16,1.03,0.754,35000,92180,110600,18420,Tunai,Lunas
TRX-20260624-0482,2026-06-24,05:29,Eceran Umum,Umum,Potong 8,2,3.7,2.71,0.99,0.733,36500,81400,98915,17515,Tunai,Lunas
TRX-20260624-0483,2026-06-24,06:51,Eceran Umum,Umum,Potong 4,1,1.91,1.43,0.48,0.747,35000,42020,50050,8030,Tunai,Lunas
TRX-20260624-0484,2026-06-24,05:43,Ayam Geprek Sambal Bawang,Langganan,Potong 8,26,53.84,39.14,14.7,0.727,36500,1184480,1428610,244130,Tunai,Belum Lunas
TRX-20260624-0485,2026-06-24,08:57,Bakso Solo Mas Mul,Langganan,Potong 4,32,66.91,47.91,19.0,0.716,35000,1472020,1676849,204829,Tempo_7H,Lunas
TRX-20260624-0486,2026-06-24,03:46,Eceran Umum,Umum,Potong 8,1,1.87,1.4,0.47,0.747,36500,41140,51100,9960,Tunai,Lunas
TRX-20260624-0487,2026-06-24,10:08,Depot Mie Pangsit 88,Langganan,Potong 8,34,76.01,56.55,19.46,0.744,36500,1672220,2064075,391855,Tempo_3H,Belum Lunas
TRX-20260624-0488,2026-06-24,04:33,Bakso Solo Mas Mul,Langganan,Potong 8,26,54.28,38.59,15.69,0.711,36500,1194160,1408535,214375,Tempo_7H,Belum Lunas
TRX-20260624-0489,2026-06-24,05:28,Katering Berkah Ibu,Langganan,Potong 8,28,60.09,43.26,16.83,0.72,36500,1321980,1578990,257010,Tempo_14H,Belum Lunas
TRX-20260624-0490,2026-06-24,04:48,Ayam Geprek Sambal Bawang,Langganan,Campur,5,9.05,6.79,2.26,0.75,35000,199100,237650,38550,Tunai,Lunas
TRX-20260624-0491,2026-06-24,05:52,Warung Padang Roda Jaya,Langganan,Potong 4,30,57.8,41.04,16.76,0.71,35000,1271600,1436400,164800,Tempo_7H,Belum Lunas
TRX-20260624-0492,2026-06-24,07:56,Warung Padang Roda Jaya,Langganan,Fillet Dada,13,26.55,19.3,7.25,0.727,48000,584100,926400,342300,Tempo_7H,Belum Lunas
TRX-20260624-0493,2026-06-24,04:01,Warung Padang Roda Jaya,Langganan,Potong 8,19,38.63,27.58,11.05,0.714,36500,849860,1006669,156809,Tempo_7H,Belum Lunas
TRX-20260624-0494,2026-06-24,08:47,Pecel Lele & Ayam Lamongan Cak Har,Langganan,Potong 4,12,26.86,19.58,7.28,0.729,35000,590920,685299,94379,Tempo_3H,Belum Lunas
TRX-20260624-0495,2026-06-24,03:56,Warung Nasi Sunda Ibu Imas,Langganan,Campur,22,43.73,32.8,10.93,0.75,35000,962059,1148000,185941,Tempo_7H,Belum Lunas
TRX-20260624-0496,2026-06-24,05:28,Warung Nasi Sunda Ibu Imas,Langganan,Potong 8,7,13.83,10.08,3.75,0.729,36500,304260,367920,63660,Tempo_7H,Lunas
TRX-20260624-0497,2026-06-24,05:51,Eceran Umum,Umum,Karkas Utuh,1,2.05,1.46,0.59,0.71,35000,45099,51100,6001,Tunai,Lunas
TRX-20260624-0498,2026-06-24,06:48,Eceran Umum,Umum,Potong 4,1,2.1,1.57,0.53,0.749,35000,46200,54950,8750,Tunai,Lunas
TRX-20260624-0499,2026-06-24,03:07,Warung Padang Roda Jaya,Langganan,Potong 8,30,65.73,49.17,16.56,0.748,36500,1446060,1794705,348645,Tempo_7H,Belum Lunas
TRX-20260624-0500,2026-06-24,03:36,Warung Padang Roda Jaya,Langganan,Potong 4,16,34.74,24.94,9.8,0.718,35000,764280,872900,108620,Tempo_7H,Lunas
TRX-20260625-0501,2026-06-25,08:22,Bakso Solo Mas Mul,Langganan,Potong 12,25,53.18,40.1,13.08,0.754,36500,1169960,1463650,293690,Tempo_7H,Belum Lunas
TRX-20260625-0502,2026-06-25,03:41,Katering Berkah Ibu,Langganan,Potong 8,15,29.03,20.9,8.13,0.72,36500,638660,762850,124190,Tempo_14H,Belum Lunas
TRX-20260625-0503,2026-06-25,04:29,Eceran Umum,Umum,Fillet Dada,2,3.91,2.81,1.1,0.719,48000,86020,134880,48860,Tunai,Lunas
TRX-20260625-0504,2026-06-25,06:11,Eceran Umum,Umum,Potong 8,1,2.03,1.52,0.51,0.75,36500,44659,55480,10821,Tunai,Lunas
TRX-20260625-0505,2026-06-25,06:46,Eceran Umum,Umum,Potong 12,1,2.02,1.47,0.55,0.726,36500,44440,53655,9215,Tunai,Lunas
TRX-20260625-0506,2026-06-25,04:57,Eceran Umum,Umum,Potong 4,1,2.0,1.45,0.55,0.723,35000,44000,50750,6750,Tunai,Lunas
TRX-20260625-0507,2026-06-25,07:03,Katering Berkah Ibu,Langganan,Potong 8,27,51.13,36.51,14.62,0.714,36500,1124860,1332615,207755,Tempo_14H,Belum Lunas
TRX-20260625-0508,2026-06-25,05:00,Eceran Umum,Umum,Potong 8,2,3.43,2.59,0.84,0.754,36500,75460,94535,19075,Tunai,Lunas
TRX-20260625-0509,2026-06-25,05:55,Eceran Umum,Umum,Fillet Dada,2,3.72,2.81,0.91,0.755,48000,81840,134880,53040,Tunai,Lunas
TRX-20260625-0510,2026-06-25,04:28,Ayam Geprek Sambal Bawang,Langganan,Potong 8,17,37.62,28.29,9.33,0.752,36500,827640,1032585,204945,Tunai,Lunas
TRX-20260625-0511,2026-06-25,03:47,Depot Mie Pangsit 88,Langganan,Fillet Dada,16,31.41,23.46,7.95,0.747,48000,691020,1126080,435060,Tempo_3H,Belum Lunas
TRX-20260625-0512,2026-06-25,10:34,Pecel Lele & Ayam Lamongan Cak Har,Langganan,Potong 8,20,40.11,28.76,11.35,0.717,36500,882420,1049740,167320,Tempo_3H,Lunas
TRX-20260625-0513,2026-06-25,07:10,Eceran Umum,Umum,Karkas Utuh,2,4.05,2.92,1.13,0.722,35000,89100,102200,13100,Tunai,Lunas
TRX-20260625-0514,2026-06-25,07:49,Eceran Umum,Umum,Potong 12,2,3.44,2.59,0.85,0.752,36500,75680,94535,18855,Tunai,Lunas
TRX-20260625-0515,2026-06-25,05:15,Depot Mie Pangsit 88,Langganan,Potong 8,33,69.08,51.05,18.03,0.739,36500,1519760,1863325,343565,Tempo_3H,Belum Lunas
TRX-20260625-0516,2026-06-25,05:09,Bakso Solo Mas Mul,Langganan,Karkas Utuh,29,55.52,41.08,14.44,0.74,35000,1221440,1437800,216360,Tempo_7H,Belum Lunas
TRX-20260625-0517,2026-06-25,04:04,Ayam Geprek Sambal Bawang,Langganan,Potong 12,9,20.68,15.7,4.98,0.759,36500,454960,573050,118090,Tunai,Belum Lunas
TRX-20260625-0518,2026-06-25,06:24,Pecel Lele & Ayam Lamongan Cak Har,Langganan,Potong 8,15,33.25,24.21,9.04,0.728,36500,731500,883665,152165,Tempo_3H,Belum Lunas
TRX-20260625-0519,2026-06-25,08:43,Eceran Umum,Umum,Potong 8,1,2.02,1.53,0.49,0.759,36500,44440,55845,11405,Tunai,Lunas
TRX-20260625-0520,2026-06-25,05:00,Eceran Umum,Umum,Potong 12,2,3.81,2.74,1.07,0.72,36500,83820,100010,16190,Tunai,Lunas
TRX-20260626-0521,2026-06-26,06:28,Warung Padang Roda Jaya,Langganan,Campur,22,39.81,29.82,9.99,0.749,35000,875820,1043700,167880,Tempo_7H,Belum Lunas
TRX-20260626-0522,2026-06-26,07:53,Katering Berkah Ibu,Langganan,Potong 12,10,20.68,15.18,5.5,0.734,36500,454960,554070,99110,Tempo_14H,Belum Lunas
TRX-20260626-0523,2026-06-26,05:37,Eceran Umum,Umum,Potong 12,2,3.98,2.95,1.03,0.74,36500,87560,107675,20115,Tunai,Lunas
TRX-20260626-0524,2026-06-26,03:07,Eceran Umum,Umum,Karkas Utuh,2,3.48,2.58,0.9,0.74,35000,76560,90300,13740,Tunai,Lunas
TRX-20260626-0525,2026-06-26,08:42,Ayam Geprek Sambal Bawang,Langganan,Potong 4,17,38.9,28.94,9.96,0.744,35000,855800,1012900,157100,Tunai,Belum Lunas
TRX-20260626-0526,2026-06-26,08:08,Pecel Lele & Ayam Lamongan Cak Har,Langganan,Campur,24,45.79,34.11,11.68,0.745,35000,1007380,1193850,186470,Tempo_3H,Belum Lunas
TRX-20260626-0527,2026-06-26,09:52,Depot Mie Pangsit 88,Langganan,Karkas Utuh,24,47.37,34.67,12.7,0.732,35000,1042140,1213450,171310,Tempo_3H,Belum Lunas
TRX-20260626-0528,2026-06-26,08:28,Katering Berkah Ibu,Langganan,Karkas Utuh,15,32.92,24.06,8.86,0.731,35000,724240,842100,117860,Tempo_14H,Lunas
TRX-20260626-0529,2026-06-26,03:23,Warung Padang Roda Jaya,Langganan,Karkas Utuh,24,48.46,35.67,12.79,0.736,35000,1066120,1248450,182330,Tempo_7H,Belum Lunas
TRX-20260626-0530,2026-06-26,03:43,Eceran Umum,Umum,Potong 4,2,3.61,2.68,0.93,0.742,35000,79420,93800,14380,Tunai,Lunas
TRX-20260626-0531,2026-06-26,03:09,Eceran Umum,Umum,Potong 4,1,1.88,1.36,0.52,0.725,35000,41360,47600,6240,Tunai,Lunas
TRX-20260626-0532,2026-06-26,03:03,Warung Nasi Sunda Ibu Imas,Langganan,Karkas Utuh,10,22.32,16.03,6.29,0.718,35000,491040,561050,70010,Tempo_7H,Lunas
TRX-20260626-0533,2026-06-26,04:27,Warung Padang Roda Jaya,Langganan,Potong 12,34,63.53,46.95,16.58,0.739,36500,1397660,1713675,316015,Tempo_7H,Belum Lunas
TRX-20260626-0534,2026-06-26,06:47,Eceran Umum,Umum,Karkas Utuh,1,1.74,1.28,0.46,0.733,35000,38280,44800,6520,Tunai,Lunas
TRX-20260626-0535,2026-06-26,07:41,Eceran Umum,Umum,Potong 4,2,3.86,2.88,0.98,0.746,35000,84920,100800,15880,Tunai,Lunas
TRX-20260626-0536,2026-06-26,06:39,Depot Mie Pangsit 88,Langganan,Potong 12,14,27.4,20.19,7.21,0.737,36500,602800,736935,134135,Tempo_3H,Belum Lunas
TRX-20260626-0537,2026-06-26,08:19,Warung Nasi Sunda Ibu Imas,Langganan,Karkas Utuh,25,51.12,38.19,12.93,0.747,35000,1124640,1336650,212010,Tempo_7H,Belum Lunas
TRX-20260626-0538,2026-06-26,07:06,Warung Padang Roda Jaya,Langganan,Karkas Utuh,20,40.07,29.09,10.98,0.726,35000,881540,1018150,136610,Tempo_7H,Belum Lunas
TRX-20260626-0539,2026-06-26,03:12,Bakso Solo Mas Mul,Langganan,Fillet Dada,21,39.64,29.25,10.39,0.738,48000,872080,1404000,531920,Tempo_7H,Belum Lunas
TRX-20260626-0540,2026-06-26,06:03,Warung Padang Roda Jaya,Langganan,Campur,12,23.83,17.71,6.12,0.743,35000,524259,619850,95591,Tempo_7H,Lunas
TRX-20260627-0541,2026-06-27,03:02,Pecel Lele & Ayam Lamongan Cak Har,Langganan,Potong 4,17,34.06,25.72,8.34,0.755,35000,749320,900200,150880,Tempo_3H,Belum Lunas
TRX-20260627-0542,2026-06-27,05:56,Depot Mie Pangsit 88,Langganan,Fillet Dada,7,15.89,12.0,3.89,0.755,48000,349580,576000,226420,Tempo_3H,Belum Lunas
TRX-20260627-0543,2026-06-27,05:04,Bakso Solo Mas Mul,Langganan,Karkas Utuh,29,52.57,38.01,14.56,0.723,35000,1156540,1330350,173810,Tempo_7H,Belum Lunas
TRX-20260627-0544,2026-06-27,05:03,Warung Padang Roda Jaya,Langganan,Karkas Utuh,14,30.75,22.79,7.96,0.741,35000,676500,797650,121150,Tempo_7H,Belum Lunas
TRX-20260627-0545,2026-06-27,05:14,Eceran Umum,Umum,Karkas Utuh,2,3.89,2.94,0.95,0.756,35000,85580,102900,17320,Tunai,Lunas
TRX-20260627-0546,2026-06-27,04:07,Eceran Umum,Umum,Campur,1,2.15,1.58,0.57,0.733,35000,47300,55300,8000,Tunai,Lunas
TRX-20260627-0547,2026-06-27,07:15,Warung Padang Roda Jaya,Langganan,Potong 12,26,52.39,38.77,13.62,0.74,36500,1152580,1415105,262525,Tempo_7H,Belum Lunas
TRX-20260627-0548,2026-06-27,04:29,Bakso Solo Mas Mul,Langganan,Potong 8,15,27.23,19.61,7.62,0.72,36500,599060,715765,116705,Tempo_7H,Belum Lunas
TRX-20260627-0549,2026-06-27,06:08,Warung Padang Roda Jaya,Langganan,Potong 8,16,32.81,23.39,9.42,0.713,36500,721820,853735,131915,Tempo_7H,Lunas
TRX-20260627-0550,2026-06-27,05:53,Depot Mie Pangsit 88,Langganan,Campur,16,29.0,21.23,7.77,0.732,35000,638000,743050,105050,Tempo_3H,Lunas
TRX-20260627-0551,2026-06-27,06:13,Eceran Umum,Umum,Campur,2,3.68,2.65,1.03,0.719,35000,80960,92750,11790,Tunai,Lunas
TRX-20260627-0552,2026-06-27,07:50,Eceran Umum,Umum,Fillet Dada,1,2.03,1.46,0.57,0.721,48000,44659,70080,25421,Tunai,Lunas
TRX-20260627-0553,2026-06-27,08:39,Depot Mie Pangsit 88,Langganan,Campur,10,19.83,14.4,5.43,0.726,35000,436259,504000,67741,Tempo_3H,Belum Lunas
TRX-20260627-0554,2026-06-27,03:48,Eceran Umum,Umum,Potong 4,1,1.85,1.34,0.51,0.727,35000,40700,46900,6200,Tunai,Lunas
TRX-20260627-0555,2026-06-27,03:38,Eceran Umum,Umum,Potong 4,1,2.03,1.46,0.57,0.72,35000,44659,51100,6441,Tunai,Lunas
TRX-20260627-0556,2026-06-27,06:36,Eceran Umum,Umum,Fillet Dada,2,3.75,2.83,0.92,0.756,48000,82500,135840,53340,Tunai,Lunas
TRX-20260627-0557,2026-06-27,05:57,Eceran Umum,Umum,Potong 12,1,1.87,1.37,0.5,0.732,36500,41140,50005,8865,Tunai,Lunas
TRX-20260627-0558,2026-06-27,04:45,Pecel Lele & Ayam Lamongan Cak Har,Langganan,Karkas Utuh,31,68.97,49.24,19.73,0.714,35000,1517340,1723400,206060,Tempo_3H,Belum Lunas
TRX-20260627-0559,2026-06-27,10:23,Warung Padang Roda Jaya,Langganan,Potong 4,8,15.19,10.91,4.28,0.718,35000,334180,381850,47670,Tempo_7H,Lunas
TRX-20260627-0560,2026-06-27,04:54,Bakso Solo Mas Mul,Langganan,Campur,29,65.44,47.05,18.39,0.719,35000,1439680,1646750,207070,Tempo_7H,Lunas
TRX-20260627-0561,2026-06-27,08:19,Eceran Umum,Umum,Fillet Dada,2,3.58,2.6,0.98,0.725,48000,78760,124800,46040,Tunai,Lunas
TRX-20260627-0562,2026-06-27,09:48,Eceran Umum,Umum,Karkas Utuh,2,4.26,3.08,1.18,0.722,35000,93720,107800,14080,Tunai,Lunas
TRX-20260627-0563,2026-06-27,08:49,Bakso Solo Mas Mul,Langganan,Fillet Dada,27,52.58,38.12,14.46,0.725,48000,1156760,1829759,672999,Tempo_7H,Lunas
TRX-20260627-0564,2026-06-27,06:02,Eceran Umum,Umum,Potong 4,1,2.13,1.6,0.53,0.751,35000,46860,56000,9140,Tunai,Lunas
TRX-20260627-0565,2026-06-27,05:51,Eceran Umum,Umum,Potong 4,1,2.17,1.56,0.61,0.717,35000,47740,54600,6860,Tunai,Lunas
TRX-20260627-0566,2026-06-27,06:23,Bakso Solo Mas Mul,Langganan,Karkas Utuh,9,17.8,12.67,5.13,0.712,35000,391600,443450,51850,Tempo_7H,Lunas
TRX-20260627-0567,2026-06-27,05:20,Eceran Umum,Umum,Fillet Dada,2,3.92,2.92,1.0,0.745,48000,86240,140160,53920,Tunai,Lunas
TRX-20260628-0568,2026-06-28,04:48,Eceran Umum,Umum,Karkas Utuh,1,2.1,1.5,0.6,0.715,35000,46200,52500,6300,Tunai,Lunas
TRX-20260628-0569,2026-06-28,05:55,Depot Mie Pangsit 88,Langganan,Karkas Utuh,10,19.07,13.6,5.47,0.713,35000,419540,476000,56460,Tempo_3H,Belum Lunas
TRX-20260628-0570,2026-06-28,03:29,Bakso Solo Mas Mul,Langganan,Fillet Dada,16,29.63,21.3,8.33,0.719,48000,651860,1022400,370540,Tempo_7H,Belum Lunas
TRX-20260628-0571,2026-06-28,09:53,Eceran Umum,Umum,Potong 8,2,3.66,2.77,0.89,0.758,36500,80520,101105,20585,Tunai,Lunas
TRX-20260628-0572,2026-06-28,04:54,Eceran Umum,Umum,Karkas Utuh,1,2.05,1.5,0.55,0.733,35000,45099,52500,7401,Tunai,Lunas
TRX-20260628-0573,2026-06-28,06:00,Eceran Umum,Umum,Karkas Utuh,2,3.76,2.82,0.94,0.751,35000,82720,98700,15980,Tunai,Lunas
TRX-20260628-0574,2026-06-28,05:44,Pecel Lele & Ayam Lamongan Cak Har,Langganan,Fillet Dada,34,74.9,54.38,20.52,0.726,48000,1647800,2610240,962440,Tempo_3H,Lunas
TRX-20260628-0575,2026-06-28,05:13,Eceran Umum,Umum,Campur,1,1.81,1.32,0.49,0.729,35000,39820,46200,6380,Tunai,Lunas
TRX-20260628-0576,2026-06-28,07:26,Pecel Lele & Ayam Lamongan Cak Har,Langganan,Fillet Dada,25,47.55,33.81,13.74,0.711,48000,1046099,1622880,576781,Tempo_3H,Belum Lunas
TRX-20260628-0577,2026-06-28,05:33,Eceran Umum,Umum,Karkas Utuh,1,1.86,1.34,0.52,0.722,35000,40920,46900,5980,Tunai,Lunas
TRX-20260628-0578,2026-06-28,06:03,Katering Berkah Ibu,Langganan,Potong 8,18,40.0,28.84,11.16,0.721,36500,880000,1052660,172660,Tempo_14H,Lunas
TRX-20260628-0579,2026-06-28,07:46,Warung Padang Roda Jaya,Langganan,Potong 12,21,44.61,32.21,12.4,0.722,36500,981420,1175665,194245,Tempo_7H,Belum Lunas
TRX-20260628-0580,2026-06-28,03:23,Warung Nasi Sunda Ibu Imas,Langganan,Potong 12,21,47.24,35.81,11.43,0.758,36500,1039280,1307065,267785,Tempo_7H,Belum Lunas
TRX-20260628-0581,2026-06-28,05:13,Bakso Solo Mas Mul,Langganan,Potong 4,19,37.95,27.29,10.66,0.719,35000,834900,955150,120250,Tempo_7H,Lunas
TRX-20260628-0582,2026-06-28,03:44,Pecel Lele & Ayam Lamongan Cak Har,Langganan,Potong 4,17,36.64,26.2,10.44,0.715,35000,806080,917000,110920,Tempo_3H,Belum Lunas
TRX-20260628-0583,2026-06-28,04:38,Warung Nasi Sunda Ibu Imas,Langganan,Potong 4,12,21.9,16.05,5.85,0.733,35000,481799,561750,79951,Tempo_7H,Belum Lunas
TRX-20260628-0584,2026-06-28,04:29,Eceran Umum,Umum,Fillet Dada,2,3.44,2.58,0.86,0.749,48000,75680,123840,48160,Tunai,Lunas
TRX-20260628-0585,2026-06-28,05:44,Eceran Umum,Umum,Potong 12,2,3.94,2.96,0.98,0.752,36500,86680,108040,21360,Tunai,Lunas
TRX-20260628-0586,2026-06-28,04:22,Eceran Umum,Umum,Potong 8,2,4.24,3.11,1.13,0.734,36500,93280,113515,20235,Tunai,Lunas
TRX-20260628-0587,2026-06-28,04:19,Warung Padang Roda Jaya,Langganan,Potong 4,28,50.95,36.89,14.06,0.724,35000,1120900,1291150,170250,Tempo_7H,Lunas
TRX-20260628-0588,2026-06-28,09:03,Warung Nasi Sunda Ibu Imas,Langganan,Potong 4,23,45.38,33.76,11.62,0.744,35000,998360,1181600,183240,Tempo_7H,Belum Lunas
TRX-20260628-0589,2026-06-28,05:47,Warung Nasi Sunda Ibu Imas,Langganan,Potong 12,17,39.02,27.74,11.28,0.711,36500,858440,1012510,154070,Tempo_7H,Belum Lunas
TRX-20260628-0590,2026-06-28,06:48,Katering Berkah Ibu,Langganan,Potong 4,13,24.58,18.21,6.37,0.741,35000,540760,637350,96590,Tempo_14H,Lunas
TRX-20260628-0591,2026-06-28,05:29,Eceran Umum,Umum,Fillet Dada,2,3.57,2.61,0.96,0.731,48000,78540,125280,46740,Tunai,Lunas
TRX-20260628-0592,2026-06-28,08:56,Bakso Solo Mas Mul,Langganan,Potong 12,34,62.9,44.72,18.18,0.711,36500,1383800,1632280,248480,Tempo_7H,Belum Lunas
TRX-20260628-0593,2026-06-28,03:34,Depot Mie Pangsit 88,Langganan,Potong 4,25,55.44,42.08,13.36,0.759,35000,1219680,1472800,253120,Tempo_3H,Lunas
TRX-20260628-0594,2026-06-28,08:11,Eceran Umum,Umum,Karkas Utuh,2,3.45,2.46,0.99,0.712,35000,75900,86100,10200,Tunai,Lunas
TRX-20260628-0595,2026-06-28,04:52,Depot Mie Pangsit 88,Langganan,Potong 12,20,36.11,27.05,9.06,0.749,36500,794420,987325,192905,Tempo_3H,Belum Lunas
TRX-20260628-0596,2026-06-28,05:12,Eceran Umum,Umum,Potong 8,2,3.94,2.85,1.09,0.724,36500,86680,104025,17345,Tunai,Lunas
TRX-20260629-0597,2026-06-29,04:45,Ayam Geprek Sambal Bawang,Langganan,Karkas Utuh,32,64.42,48.44,15.98,0.752,35000,1417240,1695400,278160,Tunai,Belum Lunas
TRX-20260629-0598,2026-06-29,04:20,Eceran Umum,Umum,Karkas Utuh,2,3.5,2.57,0.93,0.733,35000,77000,89950,12950,Tunai,Lunas
TRX-20260629-0599,2026-06-29,08:29,Eceran Umum,Umum,Potong 4,2,4.15,2.96,1.19,0.713,35000,91300,103600,12300,Tunai,Lunas
TRX-20260629-0600,2026-06-29,05:02,Warung Padang Roda Jaya,Langganan,Potong 8,19,39.23,28.17,11.06,0.718,36500,863059,1028205,165146,Tempo_7H,Belum Lunas
TRX-20260629-0601,2026-06-29,07:51,Pecel Lele & Ayam Lamongan Cak Har,Langganan,Potong 8,29,56.09,40.83,15.26,0.728,36500,1233980,1490295,256315,Tempo_3H,Belum Lunas
TRX-20260629-0602,2026-06-29,03:35,Katering Berkah Ibu,Langganan,Potong 8,23,49.42,35.58,13.84,0.72,36500,1087240,1298670,211430,Tempo_14H,Belum Lunas
TRX-20260629-0603,2026-06-29,08:51,Eceran Umum,Umum,Potong 4,1,1.81,1.32,0.49,0.731,35000,39820,46200,6380,Tunai,Lunas
TRX-20260629-0604,2026-06-29,06:56,Eceran Umum,Umum,Karkas Utuh,2,4.22,3.08,1.14,0.73,35000,92840,107800,14960,Tunai,Lunas
TRX-20260629-0605,2026-06-29,06:36,Eceran Umum,Umum,Karkas Utuh,2,3.67,2.62,1.05,0.714,35000,80740,91700,10960,Tunai,Lunas
TRX-20260629-0606,2026-06-29,03:06,Warung Nasi Sunda Ibu Imas,Langganan,Karkas Utuh,14,30.76,22.85,7.91,0.743,35000,676720,799750,123030,Tempo_7H,Belum Lunas
TRX-20260629-0607,2026-06-29,04:52,Ayam Geprek Sambal Bawang,Langganan,Fillet Dada,31,62.17,45.45,16.72,0.731,48000,1367740,2181600,813860,Tunai,Belum Lunas
TRX-20260629-0608,2026-06-29,08:45,Depot Mie Pangsit 88,Langganan,Karkas Utuh,15,29.09,20.83,8.26,0.716,35000,639980,729049,89069,Tempo_3H,Lunas
TRX-20260629-0609,2026-06-29,05:11,Depot Mie Pangsit 88,Langganan,Karkas Utuh,5,10.23,7.37,2.86,0.72,35000,225060,257950,32890,Tempo_3H,Belum Lunas
TRX-20260629-0610,2026-06-29,07:41,Pecel Lele & Ayam Lamongan Cak Har,Langganan,Fillet Dada,16,29.29,21.21,8.08,0.724,48000,644380,1018080,373700,Tempo_3H,Lunas
TRX-20260629-0611,2026-06-29,03:02,Warung Nasi Sunda Ibu Imas,Langganan,Potong 12,21,47.71,35.69,12.02,0.748,36500,1049620,1302685,253065,Tempo_7H,Lunas
TRX-20260629-0612,2026-06-29,04:27,Eceran Umum,Umum,Fillet Dada,1,1.93,1.46,0.47,0.757,48000,42460,70080,27620,Tunai,Lunas
TRX-20260629-0613,2026-06-29,06:53,Eceran Umum,Umum,Potong 4,1,2.03,1.46,0.57,0.721,35000,44659,51100,6441,Tunai,Lunas
TRX-20260629-0614,2026-06-29,06:26,Eceran Umum,Umum,Potong 12,2,3.58,2.65,0.93,0.74,36500,78760,96725,17965,Tunai,Lunas
TRX-20260629-0615,2026-06-29,03:25,Eceran Umum,Umum,Karkas Utuh,2,4.21,3.17,1.04,0.752,35000,92620,110950,18330,Tunai,Lunas
TRX-20260629-0616,2026-06-29,07:50,Warung Padang Roda Jaya,Langganan,Potong 8,28,57.3,42.52,14.78,0.742,36500,1260600,1551980,291380,Tempo_7H,Belum Lunas
TRX-20260629-0617,2026-06-29,07:36,Eceran Umum,Umum,Potong 8,1,1.71,1.24,0.47,0.728,36500,37620,45260,7640,Tunai,Lunas
TRX-20260629-0618,2026-06-29,07:23,Warung Padang Roda Jaya,Langganan,Potong 4,30,60.1,43.09,17.01,0.717,35000,1322200,1508150,185950,Tempo_7H,Belum Lunas
TRX-20260630-0619,2026-06-30,07:35,Bakso Solo Mas Mul,Langganan,Potong 12,5,11.09,8.22,2.87,0.741,36500,243980,300030,56050,Tempo_7H,Belum Lunas
TRX-20260630-0620,2026-06-30,07:15,Eceran Umum,Umum,Potong 4,2,3.73,2.67,1.06,0.716,35000,82060,93450,11390,Tunai,Lunas
TRX-20260630-0621,2026-06-30,03:11,Eceran Umum,Umum,Potong 4,1,2.12,1.52,0.6,0.716,35000,46640,53200,6560,Tunai,Lunas
TRX-20260630-0622,2026-06-30,07:16,Eceran Umum,Umum,Fillet Dada,1,1.95,1.42,0.53,0.726,48000,42900,68160,25260,Tunai,Lunas
TRX-20260630-0623,2026-06-30,06:58,Ayam Geprek Sambal Bawang,Langganan,Potong 4,15,27.0,20.14,6.86,0.746,35000,594000,704900,110900,Tunai,Belum Lunas
TRX-20260630-0624,2026-06-30,03:22,Eceran Umum,Umum,Fillet Dada,1,2.18,1.61,0.57,0.738,48000,47960,77280,29320,Tunai,Lunas
TRX-20260630-0625,2026-06-30,03:24,Warung Padang Roda Jaya,Langganan,Potong 8,6,12.62,9.2,3.42,0.729,36500,277640,335800,58160,Tempo_7H,Lunas
TRX-20260630-0626,2026-06-30,04:22,Eceran Umum,Umum,Karkas Utuh,1,2.19,1.6,0.59,0.732,35000,48180,56000,7820,Tunai,Lunas
TRX-20260630-0627,2026-06-30,08:34,Warung Padang Roda Jaya,Langganan,Fillet Dada,7,15.44,11.21,4.23,0.726,48000,339680,538080,198400,Tempo_7H,Belum Lunas
TRX-20260630-0628,2026-06-30,06:05,Eceran Umum,Umum,Potong 8,2,3.53,2.62,0.91,0.742,36500,77660,95630,17970,Tunai,Lunas
TRX-20260630-0629,2026-06-30,05:11,Eceran Umum,Umum,Potong 8,2,4.15,3.13,1.02,0.754,36500,91300,114245,22945,Tunai,Lunas
TRX-20260630-0630,2026-06-30,06:44,Warung Padang Roda Jaya,Langganan,Fillet Dada,17,30.82,22.31,8.51,0.724,48000,678040,1070880,392840,Tempo_7H,Belum Lunas
TRX-20260630-0631,2026-06-30,07:18,Depot Mie Pangsit 88,Langganan,Potong 4,12,27.38,19.58,7.8,0.715,35000,602360,685299,82939,Tempo_3H,Belum Lunas
TRX-20260630-0632,2026-06-30,05:19,Depot Mie Pangsit 88,Langganan,Potong 12,20,37.05,27.38,9.67,0.739,36500,815099,999370,184271,Tempo_3H,Belum Lunas
TRX-20260630-0633,2026-06-30,06:26,Eceran Umum,Umum,Campur,2,3.9,2.9,1.0,0.744,35000,85800,101500,15700,Tunai,Lunas
TRX-20260630-0634,2026-06-30,04:41,Eceran Umum,Umum,Karkas Utuh,1,2.1,1.55,0.55,0.739,35000,46200,54250,8050,Tunai,Lunas
TRX-20260630-0635,2026-06-30,04:10,Bakso Solo Mas Mul,Langganan,Campur,8,15.16,11.29,3.87,0.745,35000,333520,395149,61629,Tempo_7H,Belum Lunas
TRX-20260630-0636,2026-06-30,08:45,Eceran Umum,Umum,Potong 12,2,3.46,2.59,0.87,0.748,36500,76120,94535,18415,Tunai,Lunas
TRX-20260701-0637,2026-07-01,09:03,Eceran Umum,Umum,Potong 8,1,2.04,1.48,0.56,0.725,36500,44880,54020,9140,Tunai,Lunas
TRX-20260701-0638,2026-07-01,05:44,Eceran Umum,Umum,Karkas Utuh,2,3.98,2.89,1.09,0.727,35000,87560,101150,13590,Tunai,Lunas
TRX-20260701-0639,2026-07-01,05:32,Pecel Lele & Ayam Lamongan Cak Har,Langganan,Potong 8,18,32.95,24.22,8.73,0.735,36500,724900,884030,159130,Tempo_3H,Lunas
TRX-20260701-0640,2026-07-01,09:44,Eceran Umum,Umum,Karkas Utuh,2,4.39,3.12,1.27,0.71,35000,96580,109200,12620,Tunai,Lunas
TRX-20260701-0641,2026-07-01,06:53,Depot Mie Pangsit 88,Langganan,Potong 12,10,20.28,14.82,5.46,0.731,36500,446160,540930,94770,Tempo_3H,Belum Lunas
TRX-20260701-0642,2026-07-01,04:09,Eceran Umum,Umum,Potong 8,1,1.96,1.4,0.56,0.716,36500,43120,51100,7980,Tunai,Lunas
TRX-20260701-0643,2026-07-01,04:43,Ayam Geprek Sambal Bawang,Langganan,Potong 8,6,10.91,8.08,2.83,0.741,36500,240020,294920,54900,Tunai,Belum Lunas
TRX-20260701-0644,2026-07-01,03:49,Eceran Umum,Umum,Fillet Dada,1,1.76,1.27,0.49,0.723,48000,38720,60960,22240,Tunai,Lunas
TRX-20260701-0645,2026-07-01,05:42,Eceran Umum,Umum,Potong 8,2,3.55,2.55,1.0,0.719,36500,78100,93075,14975,Tunai,Lunas
TRX-20260701-0646,2026-07-01,05:58,Ayam Geprek Sambal Bawang,Langganan,Potong 8,8,16.86,12.41,4.45,0.736,36500,370920,452965,82045,Tunai,Belum Lunas
TRX-20260701-0647,2026-07-01,05:29,Warung Padang Roda Jaya,Langganan,Karkas Utuh,15,32.94,24.9,8.04,0.756,35000,724680,871500,146820,Tempo_7H,Belum Lunas
TRX-20260701-0648,2026-07-01,04:00,Eceran Umum,Umum,Potong 4,2,4.37,3.14,1.23,0.719,35000,96140,109900,13760,Tunai,Lunas
TRX-20260701-0649,2026-07-01,03:21,Bakso Solo Mas Mul,Langganan,Potong 8,22,45.99,34.81,11.18,0.757,36500,1011780,1270565,258785,Tempo_7H,Belum Lunas
TRX-20260701-0650,2026-07-01,07:53,Warung Padang Roda Jaya,Langganan,Potong 12,11,25.2,17.99,7.21,0.714,36500,554400,656635,102235,Tempo_7H,Belum Lunas
TRX-20260701-0651,2026-07-01,03:14,Eceran Umum,Umum,Potong 12,1,1.89,1.35,0.54,0.713,36500,41580,49275,7695,Tunai,Lunas
TRX-20260701-0652,2026-07-01,08:43,Depot Mie Pangsit 88,Langganan,Fillet Dada,30,60.64,43.18,17.46,0.712,48000,1334080,2072640,738560,Tempo_3H,Belum Lunas
TRX-20260701-0653,2026-07-01,05:48,Pecel Lele & Ayam Lamongan Cak Har,Langganan,Potong 8,28,58.17,43.69,14.48,0.751,36500,1279740,1594685,314945,Tempo_3H,Belum Lunas
TRX-20260701-0654,2026-07-01,05:54,Pecel Lele & Ayam Lamongan Cak Har,Langganan,Potong 4,18,33.88,24.77,9.11,0.731,35000,745360,866950,121590,Tempo_3H,Lunas
TRX-20260701-0655,2026-07-01,03:21,Warung Padang Roda Jaya,Langganan,Karkas Utuh,27,59.23,42.88,16.35,0.724,35000,1303060,1500800,197740,Tempo_7H,Belum Lunas
TRX-20260701-0656,2026-07-01,04:06,Warung Padang Roda Jaya,Langganan,Potong 8,19,35.56,26.56,9.0,0.747,36500,782320,969440,187120,Tempo_7H,Lunas
TRX-20260702-0657,2026-07-02,04:12,Eceran Umum,Umum,Campur,1,1.89,1.42,0.47,0.752,35000,41580,49700,8120,Tunai,Lunas
TRX-20260702-0658,2026-07-02,05:20,Eceran Umum,Umum,Karkas Utuh,2,3.97,2.93,1.04,0.738,35000,87340,102550,15210,Tunai,Lunas
TRX-20260702-0659,2026-07-02,05:12,Ayam Geprek Sambal Bawang,Langganan,Karkas Utuh,11,20.34,14.48,5.86,0.712,35000,447480,506800,59320,Tunai,Lunas
TRX-20260702-0660,2026-07-02,06:00,Warung Padang Roda Jaya,Langganan,Potong 4,20,44.42,32.2,12.22,0.725,35000,977240,1127000,149760,Tempo_7H,Lunas
TRX-20260702-0661,2026-07-02,03:25,Eceran Umum,Umum,Fillet Dada,2,3.65,2.66,0.99,0.728,48000,80300,127680,47380,Tunai,Lunas
TRX-20260702-0662,2026-07-02,06:42,Warung Nasi Sunda Ibu Imas,Langganan,Karkas Utuh,34,67.7,49.96,17.74,0.738,35000,1489400,1748600,259200,Tempo_7H,Lunas
TRX-20260702-0663,2026-07-02,06:50,Eceran Umum,Umum,Potong 4,2,3.89,2.84,1.05,0.731,35000,85580,99400,13820,Tunai,Lunas
TRX-20260702-0664,2026-07-02,04:45,Eceran Umum,Umum,Campur,2,4.36,3.23,1.13,0.74,35000,95920,113050,17130,Tunai,Lunas
TRX-20260702-0665,2026-07-02,04:29,Bakso Solo Mas Mul,Langganan,Potong 8,9,16.64,11.96,4.68,0.719,36500,366080,436540,70460,Tempo_7H,Belum Lunas
TRX-20260702-0666,2026-07-02,05:49,Katering Berkah Ibu,Langganan,Potong 4,16,29.38,21.27,8.11,0.724,35000,646360,744450,98090,Tempo_14H,Belum Lunas
TRX-20260702-0667,2026-07-02,10:52,Pecel Lele & Ayam Lamongan Cak Har,Langganan,Potong 12,18,39.88,28.75,11.13,0.721,36500,877360,1049375,172015,Tempo_3H,Belum Lunas
TRX-20260702-0668,2026-07-02,10:22,Eceran Umum,Umum,Karkas Utuh,1,1.87,1.4,0.47,0.747,35000,41140,49000,7860,Tunai,Lunas
TRX-20260702-0669,2026-07-02,05:18,Eceran Umum,Umum,Potong 8,2,4.27,3.04,1.23,0.713,36500,93939,110960,17021,Tunai,Lunas
TRX-20260702-0670,2026-07-02,03:34,Katering Berkah Ibu,Langganan,Potong 8,10,20.01,14.73,5.28,0.736,36500,440220,537645,97425,Tempo_14H,Belum Lunas
TRX-20260702-0671,2026-07-02,06:59,Eceran Umum,Umum,Campur,2,3.56,2.69,0.87,0.757,35000,78320,94150,15830,Tunai,Lunas
TRX-20260702-0672,2026-07-02,08:24,Ayam Geprek Sambal Bawang,Langganan,Potong 8,10,19.78,14.7,5.08,0.743,36500,435160,536550,101390,Tunai,Belum Lunas
TRX-20260702-0673,2026-07-02,04:42,Eceran Umum,Umum,Potong 4,1,1.78,1.31,0.47,0.734,35000,39160,45850,6690,Tunai,Lunas
TRX-20260703-0674,2026-07-03,04:23,Eceran Umum,Umum,Potong 12,2,3.65,2.68,0.97,0.734,36500,80300,97820,17520,Tunai,Lunas
TRX-20260703-0675,2026-07-03,06:26,Eceran Umum,Umum,Potong 12,1,1.91,1.38,0.53,0.72,36500,42020,50369,8349,Tunai,Lunas
TRX-20260703-0676,2026-07-03,03:48,Warung Padang Roda Jaya,Langganan,Karkas Utuh,9,20.3,14.47,5.83,0.713,35000,446600,506450,59850,Tempo_7H,Belum Lunas
TRX-20260703-0677,2026-07-03,04:40,Eceran Umum,Umum,Potong 8,1,1.82,1.3,0.52,0.715,36500,40040,47450,7410,Tunai,Lunas
TRX-20260703-0678,2026-07-03,03:02,Eceran Umum,Umum,Karkas Utuh,1,1.73,1.23,0.5,0.712,35000,38060,43050,4990,Tunai,Lunas
TRX-20260703-0679,2026-07-03,04:23,Bakso Solo Mas Mul,Langganan,Potong 8,34,72.12,52.21,19.91,0.724,36500,1586640,1905665,319025,Tempo_7H,Belum Lunas
TRX-20260703-0680,2026-07-03,05:15,Eceran Umum,Umum,Potong 8,1,2.1,1.56,0.54,0.741,36500,46200,56940,10740,Tunai,Lunas
TRX-20260703-0681,2026-07-03,04:41,Eceran Umum,Umum,Karkas Utuh,2,3.58,2.69,0.89,0.75,35000,78760,94150,15390,Tunai,Lunas
TRX-20260703-0682,2026-07-03,05:44,Eceran Umum,Umum,Potong 8,2,3.47,2.61,0.86,0.752,36500,76340,95265,18925,Tunai,Lunas
TRX-20260703-0683,2026-07-03,06:09,Eceran Umum,Umum,Potong 8,2,3.98,2.83,1.15,0.711,36500,87560,103295,15735,Tunai,Lunas
TRX-20260703-0684,2026-07-03,06:03,Eceran Umum,Umum,Potong 12,1,1.85,1.34,0.51,0.725,36500,40700,48910,8210,Tunai,Lunas
TRX-20260703-0685,2026-07-03,04:56,Eceran Umum,Umum,Fillet Dada,1,2.03,1.52,0.51,0.75,48000,44659,72960,28301,Tunai,Lunas
TRX-20260703-0686,2026-07-03,07:03,Ayam Geprek Sambal Bawang,Langganan,Campur,14,26.66,19.12,7.54,0.717,35000,586520,669200,82680,Tunai,Belum Lunas
TRX-20260703-0687,2026-07-03,03:29,Eceran Umum,Umum,Potong 4,1,2.15,1.53,0.62,0.711,35000,47300,53550,6250,Tunai,Lunas
TRX-20260703-0688,2026-07-03,05:36,Eceran Umum,Umum,Potong 4,2,3.44,2.53,0.91,0.736,35000,75680,88550,12870,Tunai,Lunas
TRX-20260703-0689,2026-07-03,09:38,Katering Berkah Ibu,Langganan,Campur,11,20.26,14.77,5.49,0.729,35000,445720,516950,71230,Tempo_14H,Belum Lunas
TRX-20260703-0690,2026-07-03,03:30,Ayam Geprek Sambal Bawang,Langganan,Campur,16,29.24,21.02,8.22,0.719,35000,643280,735700,92420,Tunai,Belum Lunas
TRX-20260703-0691,2026-07-03,06:54,Eceran Umum,Umum,Potong 8,2,3.55,2.56,0.99,0.72,36500,78100,93440,15340,Tunai,Lunas
TRX-20260703-0692,2026-07-03,06:21,Eceran Umum,Umum,Potong 8,1,1.96,1.48,0.48,0.756,36500,43120,54020,10900,Tunai,Lunas
TRX-20260703-0693,2026-07-03,07:14,Pecel Lele & Ayam Lamongan Cak Har,Langganan,Fillet Dada,27,58.93,42.25,16.68,0.717,48000,1296460,2028000,731540,Tempo_3H,Belum Lunas
TRX-20260703-0694,2026-07-03,03:48,Katering Berkah Ibu,Langganan,Karkas Utuh,19,36.74,27.59,9.15,0.751,35000,808280,965650,157370,Tempo_14H,Lunas
TRX-20260704-0695,2026-07-04,05:44,Warung Padang Roda Jaya,Langganan,Fillet Dada,31,67.97,49.21,18.76,0.724,48000,1495340,2362080,866740,Tempo_7H,Belum Lunas
TRX-20260704-0696,2026-07-04,08:24,Eceran Umum,Umum,Karkas Utuh,2,4.05,2.98,1.07,0.736,35000,89100,104300,15200,Tunai,Lunas
TRX-20260704-0697,2026-07-04,04:02,Eceran Umum,Umum,Karkas Utuh,1,1.77,1.34,0.43,0.758,35000,38940,46900,7960,Tunai,Lunas
TRX-20260704-0698,2026-07-04,06:29,Eceran Umum,Umum,Campur,1,2.17,1.58,0.59,0.726,35000,47740,55300,7560,Tunai,Lunas
TRX-20260704-0699,2026-07-04,03:00,Pecel Lele & Ayam Lamongan Cak Har,Langganan,Potong 8,12,25.67,18.56,7.11,0.723,36500,564740,677440,112700,Tempo_3H,Belum Lunas
TRX-20260704-0700,2026-07-04,03:26,Eceran Umum,Umum,Campur,2,4.25,3.1,1.15,0.729,35000,93500,108500,15000,Tunai,Lunas
TRX-20260704-0701,2026-07-04,07:52,Eceran Umum,Umum,Potong 12,1,2.06,1.52,0.54,0.736,36500,45320,55480,10160,Tunai,Lunas
TRX-20260704-0702,2026-07-04,05:04,Depot Mie Pangsit 88,Langganan,Campur,7,15.08,10.78,4.3,0.715,35000,331760,377300,45540,Tempo_3H,Belum Lunas
TRX-20260704-0703,2026-07-04,06:30,Katering Berkah Ibu,Langganan,Karkas Utuh,32,69.21,49.55,19.66,0.716,35000,1522619,1734250,211631,Tempo_14H,Belum Lunas
TRX-20260704-0704,2026-07-04,03:05,Ayam Geprek Sambal Bawang,Langganan,Potong 4,22,46.55,33.7,12.85,0.724,35000,1024099,1179500,155401,Tunai,Lunas
TRX-20260704-0705,2026-07-04,04:23,Warung Nasi Sunda Ibu Imas,Langganan,Campur,33,61.7,43.87,17.83,0.711,35000,1357400,1535450,178050,Tempo_7H,Belum Lunas
TRX-20260704-0706,2026-07-04,04:43,Warung Nasi Sunda Ibu Imas,Langganan,Potong 8,33,67.99,49.77,18.22,0.732,36500,1495780,1816605,320825,Tempo_7H,Belum Lunas
TRX-20260704-0707,2026-07-04,05:37,Warung Padang Roda Jaya,Langganan,Karkas Utuh,31,59.67,42.6,17.07,0.714,35000,1312740,1491000,178260,Tempo_7H,Belum Lunas
TRX-20260704-0708,2026-07-04,05:20,Depot Mie Pangsit 88,Langganan,Potong 8,26,49.34,37.05,12.29,0.751,36500,1085480,1352325,266845,Tempo_3H,Belum Lunas
TRX-20260704-0709,2026-07-04,05:57,Eceran Umum,Umum,Karkas Utuh,2,3.91,2.84,1.07,0.726,35000,86020,99400,13380,Tunai,Lunas
TRX-20260704-0710,2026-07-04,10:04,Depot Mie Pangsit 88,Langganan,Potong 4,20,39.76,29.38,10.38,0.739,35000,874720,1028300,153580,Tempo_3H,Belum Lunas
TRX-20260704-0711,2026-07-04,03:42,Ayam Geprek Sambal Bawang,Langganan,Campur,26,56.45,40.53,15.92,0.718,35000,1241900,1418550,176650,Tunai,Lunas
TRX-20260704-0712,2026-07-04,06:00,Eceran Umum,Umum,Potong 4,1,1.76,1.3,0.46,0.736,35000,38720,45500,6780,Tunai,Lunas
TRX-20260704-0713,2026-07-04,04:31,Eceran Umum,Umum,Potong 12,2,3.51,2.5,1.01,0.712,36500,77220,91250,14030,Tunai,Lunas
TRX-20260704-0714,2026-07-04,04:22,Warung Nasi Sunda Ibu Imas,Langganan,Fillet Dada,28,50.95,37.19,13.76,0.73,48000,1120900,1785120,664220,Tempo_7H,Belum Lunas
TRX-20260704-0715,2026-07-04,05:38,Eceran Umum,Umum,Fillet Dada,1,2.13,1.6,0.53,0.753,48000,46860,76800,29940,Tunai,Lunas
TRX-20260704-0716,2026-07-04,07:57,Eceran Umum,Umum,Karkas Utuh,1,1.94,1.47,0.47,0.759,35000,42680,51450,8770,Tunai,Lunas
TRX-20260704-0717,2026-07-04,04:00,Bakso Solo Mas Mul,Langganan,Fillet Dada,21,46.8,33.46,13.34,0.715,48000,1029599,1606080,576481,Tempo_7H,Belum Lunas
TRX-20260704-0718,2026-07-04,03:11,Eceran Umum,Umum,Campur,2,4.22,3.07,1.15,0.727,35000,92840,107450,14610,Tunai,Lunas
TRX-20260704-0719,2026-07-04,03:00,Pecel Lele & Ayam Lamongan Cak Har,Langganan,Campur,21,40.25,28.7,11.55,0.713,35000,885500,1004500,119000,Tempo_3H,Lunas
TRX-20260705-0720,2026-07-05,05:29,Eceran Umum,Umum,Potong 8,1,2.15,1.58,0.57,0.735,36500,47300,57670,10370,Tunai,Lunas
TRX-20260705-0721,2026-07-05,03:30,Eceran Umum,Umum,Potong 4,2,3.7,2.68,1.02,0.725,35000,81400,93800,12400,Tunai,Lunas
TRX-20260705-0722,2026-07-05,03:45,Eceran Umum,Umum,Campur,1,2.02,1.45,0.57,0.716,35000,44440,50750,6310,Tunai,Lunas
TRX-20260705-0723,2026-07-05,08:00,Eceran Umum,Umum,Fillet Dada,1,1.76,1.27,0.49,0.719,48000,38720,60960,22240,Tunai,Lunas
TRX-20260705-0724,2026-07-05,06:15,Warung Padang Roda Jaya,Langganan,Karkas Utuh,33,67.37,48.57,18.8,0.721,35000,1482140,1699950,217810,Tempo_7H,Lunas
TRX-20260705-0725,2026-07-05,05:16,Pecel Lele & Ayam Lamongan Cak Har,Langganan,Fillet Dada,27,61.84,45.76,16.08,0.74,48000,1360480,2196480,836000,Tempo_3H,Belum Lunas
TRX-20260705-0726,2026-07-05,09:13,Ayam Geprek Sambal Bawang,Langganan,Potong 8,11,23.06,17.18,5.88,0.745,36500,507320,627070,119750,Tunai,Lunas
TRX-20260705-0727,2026-07-05,07:21,Eceran Umum,Umum,Potong 12,2,4.06,2.91,1.15,0.716,36500,89319,106215,16896,Tunai,Lunas
TRX-20260705-0728,2026-07-05,07:05,Eceran Umum,Umum,Potong 8,1,2.18,1.57,0.61,0.72,36500,47960,57305,9345,Tunai,Lunas
TRX-20260705-0729,2026-07-05,09:32,Eceran Umum,Umum,Karkas Utuh,1,2.13,1.53,0.6,0.716,35000,46860,53550,6690,Tunai,Lunas
TRX-20260705-0730,2026-07-05,05:57,Bakso Solo Mas Mul,Langganan,Karkas Utuh,27,56.97,41.82,15.15,0.734,35000,1253340,1463700,210360,Tempo_7H,Belum Lunas
TRX-20260705-0731,2026-07-05,06:28,Bakso Solo Mas Mul,Langganan,Karkas Utuh,13,26.85,20.06,6.79,0.747,35000,590700,702100,111400,Tempo_7H,Belum Lunas
TRX-20260705-0732,2026-07-05,08:40,Katering Berkah Ibu,Langganan,Potong 4,18,38.44,29.06,9.38,0.756,35000,845680,1017100,171420,Tempo_14H,Belum Lunas
TRX-20260705-0733,2026-07-05,06:20,Pecel Lele & Ayam Lamongan Cak Har,Langganan,Potong 8,21,42.27,32.04,10.23,0.758,36500,929940,1169460,239520,Tempo_3H,Belum Lunas
TRX-20260705-0734,2026-07-05,09:15,Depot Mie Pangsit 88,Langganan,Potong 12,19,41.41,30.89,10.52,0.746,36500,911019,1127485,216466,Tempo_3H,Lunas
TRX-20260705-0735,2026-07-05,05:35,Warung Padang Roda Jaya,Langganan,Potong 8,17,33.51,24.93,8.58,0.744,36500,737220,909945,172725,Tempo_7H,Lunas
TRX-20260705-0736,2026-07-05,04:09,Katering Berkah Ibu,Langganan,Potong 12,20,38.41,28.0,10.41,0.729,36500,845019,1022000,176981,Tempo_14H,Lunas
TRX-20260705-0737,2026-07-05,04:16,Eceran Umum,Umum,Potong 4,1,1.7,1.25,0.45,0.734,35000,37400,43750,6350,Tunai,Lunas
TRX-20260705-0738,2026-07-05,04:16,Eceran Umum,Umum,Karkas Utuh,2,4.37,3.15,1.22,0.72,35000,96140,110250,14110,Tunai,Lunas
TRX-20260705-0739,2026-07-05,05:54,Bakso Solo Mas Mul,Langganan,Potong 4,14,28.94,20.84,8.1,0.72,35000,636680,729400,92720,Tempo_7H,Lunas
TRX-20260705-0740,2026-07-05,04:08,Ayam Geprek Sambal Bawang,Langganan,Fillet Dada,33,64.99,49.26,15.73,0.758,48000,1429780,2364480,934700,Tunai,Belum Lunas
TRX-20260705-0741,2026-07-05,08:08,Depot Mie Pangsit 88,Langganan,Potong 4,31,63.01,45.43,17.58,0.721,35000,1386220,1590050,203830,Tempo_3H,Belum Lunas
TRX-20260705-0742,2026-07-05,05:25,Ayam Geprek Sambal Bawang,Langganan,Potong 4,21,42.47,31.17,11.3,0.734,35000,934340,1090950,156610,Tunai,Belum Lunas
TRX-20260705-0743,2026-07-05,05:32,Ayam Geprek Sambal Bawang,Langganan,Potong 8,28,55.19,40.4,14.79,0.732,36500,1214180,1474600,260420,Tunai,Belum Lunas
TRX-20260705-0744,2026-07-05,07:52,Eceran Umum,Umum,Potong 12,2,4.14,3.1,1.04,0.75,36500,91080,113150,22070,Tunai,Lunas
TRX-20260705-0745,2026-07-05,04:48,Pecel Lele & Ayam Lamongan Cak Har,Langganan,Karkas Utuh,26,55.56,40.73,14.83,0.733,35000,1222320,1425550,203230,Tempo_3H,Belum Lunas
TRX-20260705-0746,2026-07-05,06:15,Eceran Umum,Umum,Potong 12,2,3.95,2.84,1.11,0.72,36500,86900,103660,16760,Tunai,Lunas
TRX-20260705-0747,2026-07-05,06:44,Eceran Umum,Umum,Potong 8,1,2.18,1.63,0.55,0.746,36500,47960,59494,11534,Tunai,Lunas
TRX-20260705-0748,2026-07-05,05:29,Warung Nasi Sunda Ibu Imas,Langganan,Potong 4,30,61.88,46.1,15.78,0.745,35000,1361360,1613500,252140,Tempo_7H,Belum Lunas
TRX-20260705-0749,2026-07-05,03:27,Eceran Umum,Umum,Potong 8,2,3.44,2.61,0.83,0.759,36500,75680,95265,19585,Tunai,Lunas
TRX-20260706-0750,2026-07-06,03:01,Eceran Umum,Umum,Karkas Utuh,1,2.17,1.59,0.58,0.735,35000,47740,55650,7910,Tunai,Lunas
TRX-20260706-0751,2026-07-06,08:13,Bakso Solo Mas Mul,Langganan,Potong 8,6,13.61,10.02,3.59,0.736,36500,299420,365730,66310,Tempo_7H,Belum Lunas
TRX-20260706-0752,2026-07-06,03:51,Eceran Umum,Umum,Fillet Dada,2,3.73,2.69,1.04,0.72,48000,82060,129120,47060,Tunai,Lunas
TRX-20260706-0753,2026-07-06,05:19,Depot Mie Pangsit 88,Langganan,Fillet Dada,15,27.63,20.11,7.52,0.728,48000,607860,965280,357420,Tempo_3H,Belum Lunas
TRX-20260706-0754,2026-07-06,07:04,Eceran Umum,Umum,Potong 12,1,1.76,1.26,0.5,0.717,36500,38720,45990,7270,Tunai,Lunas
TRX-20260706-0755,2026-07-06,05:07,Eceran Umum,Umum,Potong 4,1,2.05,1.55,0.5,0.756,35000,45099,54250,9151,Tunai,Lunas
TRX-20260706-0756,2026-07-06,04:54,Bakso Solo Mas Mul,Langganan,Potong 12,16,30.34,21.69,8.65,0.715,36500,667480,791685,124205,Tempo_7H,Belum Lunas
TRX-20260706-0757,2026-07-06,03:02,Pecel Lele & Ayam Lamongan Cak Har,Langganan,Potong 4,23,46.95,33.48,13.47,0.713,35000,1032900,1171800,138900,Tempo_3H,Lunas
TRX-20260706-0758,2026-07-06,06:56,Bakso Solo Mas Mul,Langganan,Campur,9,16.76,12.0,4.76,0.716,35000,368720,420000,51280,Tempo_7H,Belum Lunas
TRX-20260706-0759,2026-07-06,04:10,Eceran Umum,Umum,Potong 12,1,1.82,1.33,0.49,0.73,36500,40040,48545,8505,Tunai,Lunas
TRX-20260706-0760,2026-07-06,03:35,Eceran Umum,Umum,Karkas Utuh,2,3.66,2.74,0.92,0.749,35000,80520,95900,15380,Tunai,Lunas
TRX-20260706-0761,2026-07-06,05:47,Eceran Umum,Umum,Potong 8,1,2.1,1.51,0.59,0.717,36500,46200,55115,8915,Tunai,Lunas
TRX-20260706-0762,2026-07-06,08:22,Eceran Umum,Umum,Potong 8,1,2.06,1.55,0.51,0.752,36500,45320,56575,11255,Tunai,Lunas
TRX-20260706-0763,2026-07-06,04:09,Ayam Geprek Sambal Bawang,Langganan,Campur,30,54.74,40.56,14.18,0.741,35000,1204280,1419600,215320,Tunai,Lunas
TRX-20260706-0764,2026-07-06,06:20,Eceran Umum,Umum,Potong 8,1,1.84,1.35,0.49,0.733,36500,40480,49275,8795,Tunai,Lunas
TRX-20260706-0765,2026-07-06,07:27,Warung Padang Roda Jaya,Langganan,Karkas Utuh,16,30.72,22.12,8.6,0.72,35000,675840,774200,98360,Tempo_7H,Belum Lunas
TRX-20260706-0766,2026-07-06,03:25,Bakso Solo Mas Mul,Langganan,Potong 8,27,49.09,35.0,14.09,0.713,36500,1079980,1277500,197520,Tempo_7H,Belum Lunas
TRX-20260706-0767,2026-07-06,03:39,Eceran Umum,Umum,Campur,2,3.66,2.68,0.98,0.731,35000,80520,93800,13280,Tunai,Lunas
TRX-20260706-0768,2026-07-06,05:49,Eceran Umum,Umum,Potong 4,2,3.73,2.71,1.02,0.726,35000,82060,94850,12790,Tunai,Lunas
TRX-20260706-0769,2026-07-06,04:09,Eceran Umum,Umum,Potong 8,1,2.18,1.65,0.53,0.759,36500,47960,60225,12265,Tunai,Lunas
TRX-20260706-0770,2026-07-06,06:39,Ayam Geprek Sambal Bawang,Langganan,Potong 8,14,29.62,21.71,7.91,0.733,36500,651640,792415,140775,Tunai,Belum Lunas
TRX-20260707-0771,2026-07-07,03:11,Eceran Umum,Umum,Campur,1,1.76,1.27,0.49,0.719,35000,38720,44450,5730,Tunai,Lunas
TRX-20260707-0772,2026-07-07,03:53,Warung Padang Roda Jaya,Langganan,Potong 4,33,63.04,46.4,16.64,0.736,35000,1386880,1624000,237120,Tempo_7H,Lunas
TRX-20260707-0773,2026-07-07,08:43,Bakso Solo Mas Mul,Langganan,Campur,17,37.92,28.25,9.67,0.745,35000,834240,988750,154510,Tempo_7H,Lunas
TRX-20260707-0774,2026-07-07,08:11,Eceran Umum,Umum,Karkas Utuh,2,4.15,3.11,1.04,0.75,35000,91300,108850,17550,Tunai,Lunas
TRX-20260707-0775,2026-07-07,05:10,Eceran Umum,Umum,Fillet Dada,1,1.84,1.34,0.5,0.726,48000,40480,64320,23840,Tunai,Lunas
TRX-20260707-0776,2026-07-07,05:06,Pecel Lele & Ayam Lamongan Cak Har,Langganan,Fillet Dada,7,13.65,9.81,3.84,0.719,48000,300300,470880,170580,Tempo_3H,Belum Lunas
TRX-20260707-0777,2026-07-07,04:25,Warung Padang Roda Jaya,Langganan,Campur,27,53.0,38.85,14.15,0.733,35000,1166000,1359750,193750,Tempo_7H,Lunas
TRX-20260707-0778,2026-07-07,04:22,Warung Nasi Sunda Ibu Imas,Langganan,Campur,34,74.27,54.29,19.98,0.731,35000,1633940,1900150,266210,Tempo_7H,Belum Lunas
TRX-20260707-0779,2026-07-07,03:11,Eceran Umum,Umum,Potong 8,2,4.29,3.06,1.23,0.714,36500,94380,111690,17310,Tunai,Lunas
TRX-20260707-0780,2026-07-07,08:53,Warung Padang Roda Jaya,Langganan,Potong 12,7,13.07,9.89,3.18,0.757,36500,287540,360985,73445,Tempo_7H,Belum Lunas
TRX-20260707-0781,2026-07-07,06:13,Warung Nasi Sunda Ibu Imas,Langganan,Karkas Utuh,10,19.38,14.09,5.29,0.727,35000,426360,493150,66790,Tempo_7H,Belum Lunas
TRX-20260707-0782,2026-07-07,08:09,Bakso Solo Mas Mul,Langganan,Karkas Utuh,19,41.22,29.39,11.83,0.713,35000,906840,1028650,121810,Tempo_7H,Belum Lunas
TRX-20260707-0783,2026-07-07,04:03,Eceran Umum,Umum,Campur,2,4.12,3.13,0.99,0.759,35000,90640,109550,18910,Tunai,Lunas
TRX-20260707-0784,2026-07-07,07:02,Eceran Umum,Umum,Potong 12,1,1.79,1.36,0.43,0.757,36500,39380,49640,10260,Tunai,Lunas
TRX-20260707-0785,2026-07-07,04:40,Eceran Umum,Umum,Potong 8,1,2.0,1.46,0.54,0.732,36500,44000,53290,9290,Tunai,Lunas
TRX-20260707-0786,2026-07-07,04:11,Bakso Solo Mas Mul,Langganan,Potong 4,6,12.22,8.77,3.45,0.718,35000,268840,306950,38110,Tempo_7H,Belum Lunas
TRX-20260707-0787,2026-07-07,03:34,Eceran Umum,Umum,Potong 8,2,3.55,2.63,0.92,0.74,36500,78100,95995,17895,Tunai,Lunas
TRX-20260707-0788,2026-07-07,05:48,Katering Berkah Ibu,Langganan,Potong 4,8,16.42,11.66,4.76,0.71,35000,361240,408100,46860,Tempo_14H,Belum Lunas
TRX-20260707-0789,2026-07-07,03:30,Katering Berkah Ibu,Langganan,Fillet Dada,20,40.21,29.55,10.66,0.735,48000,884620,1418400,533780,Tempo_14H,Belum Lunas
TRX-20260707-0790,2026-07-07,05:46,Bakso Solo Mas Mul,Langganan,Potong 12,31,62.88,46.15,16.73,0.734,36500,1383360,1684475,301115,Tempo_7H,Belum Lunas
TRX-20260707-0791,2026-07-07,06:21,Warung Nasi Sunda Ibu Imas,Langganan,Fillet Dada,22,44.89,32.01,12.88,0.713,48000,987580,1536480,548900,Tempo_7H,Belum Lunas
TRX-20260708-0792,2026-07-08,08:57,Bakso Solo Mas Mul,Langganan,Fillet Dada,25,45.78,34.38,11.4,0.751,48000,1007160,1650240,643080,Tempo_7H,Belum Lunas
TRX-20260708-0793,2026-07-08,05:36,Eceran Umum,Umum,Fillet Dada,2,4.02,2.89,1.13,0.719,48000,88439,138720,50281,Tunai,Lunas
TRX-20260708-0794,2026-07-08,06:18,Warung Padang Roda Jaya,Langganan,Potong 8,11,19.85,14.17,5.68,0.714,36500,436700,517205,80505,Tempo_7H,Belum Lunas
TRX-20260708-0795,2026-07-08,03:31,Pecel Lele & Ayam Lamongan Cak Har,Langganan,Potong 8,17,31.05,22.76,8.29,0.733,36500,683100,830740,147640,Tempo_3H,Belum Lunas
TRX-20260708-0796,2026-07-08,06:20,Eceran Umum,Umum,Karkas Utuh,2,4.36,3.24,1.12,0.742,35000,95920,113400,17480,Tunai,Lunas
TRX-20260708-0797,2026-07-08,03:16,Bakso Solo Mas Mul,Langganan,Fillet Dada,29,54.94,40.16,14.78,0.731,48000,1208680,1927679,718999,Tempo_7H,Belum Lunas
TRX-20260708-0798,2026-07-08,04:49,Warung Padang Roda Jaya,Langganan,Karkas Utuh,18,37.89,27.96,9.93,0.738,35000,833580,978600,145020,Tempo_7H,Belum Lunas
TRX-20260708-0799,2026-07-08,04:30,Warung Nasi Sunda Ibu Imas,Langganan,Fillet Dada,5,10.96,8.04,2.92,0.734,48000,241120,385919,144799,Tempo_7H,Belum Lunas
TRX-20260708-0800,2026-07-08,09:51,Eceran Umum,Umum,Potong 8,2,4.29,3.1,1.19,0.723,36500,94380,113150,18770,Tunai,Lunas
TRX-20260708-0801,2026-07-08,04:56,Warung Padang Roda Jaya,Langganan,Potong 4,5,11.5,8.2,3.3,0.713,35000,253000,287000,34000,Tempo_7H,Belum Lunas
TRX-20260708-0802,2026-07-08,03:44,Eceran Umum,Umum,Potong 8,1,1.74,1.25,0.49,0.716,36500,38280,45625,7345,Tunai,Lunas
TRX-20260708-0803,2026-07-08,05:47,Ayam Geprek Sambal Bawang,Langganan,Campur,23,44.38,32.26,12.12,0.727,35000,976360,1129100,152740,Tunai,Belum Lunas
TRX-20260708-0804,2026-07-08,09:55,Depot Mie Pangsit 88,Langganan,Karkas Utuh,14,31.93,23.53,8.4,0.737,35000,702460,823550,121090,Tempo_3H,Lunas
TRX-20260708-0805,2026-07-08,05:35,Eceran Umum,Umum,Potong 12,1,2.2,1.59,0.61,0.724,36500,48400,58035,9635,Tunai,Lunas
TRX-20260708-0806,2026-07-08,05:35,Warung Padang Roda Jaya,Langganan,Karkas Utuh,8,18.31,13.79,4.52,0.753,35000,402820,482649,79829,Tempo_7H,Belum Lunas
TRX-20260708-0807,2026-07-08,04:50,Depot Mie Pangsit 88,Langganan,Karkas Utuh,9,18.52,14.08,4.44,0.76,35000,407440,492800,85360,Tempo_3H,Belum Lunas
TRX-20260708-0808,2026-07-08,07:34,Eceran Umum,Umum,Karkas Utuh,1,1.87,1.37,0.5,0.732,35000,41140,47950,6810,Tunai,Lunas
TRX-20260708-0809,2026-07-08,05:34,Pecel Lele & Ayam Lamongan Cak Har,Langganan,Potong 8,23,45.29,33.74,11.55,0.745,36500,996380,1231510,235130,Tempo_3H,Lunas
TRX-20260708-0810,2026-07-08,04:58,Bakso Solo Mas Mul,Langganan,Karkas Utuh,34,64.3,47.32,16.98,0.736,35000,1414600,1656200,241600,Tempo_7H,Belum Lunas
TRX-20260708-0811,2026-07-08,06:58,Eceran Umum,Umum,Karkas Utuh,1,1.82,1.33,0.49,0.733,35000,40040,46550,6510,Tunai,Lunas
TRX-20260708-0812,2026-07-08,06:35,Ayam Geprek Sambal Bawang,Langganan,Karkas Utuh,10,19.31,14.27,5.04,0.739,35000,424820,499450,74630,Tunai,Belum Lunas
TRX-20260708-0813,2026-07-08,05:17,Eceran Umum,Umum,Potong 4,2,4.09,3.08,1.01,0.752,35000,89980,107800,17820,Tunai,Lunas
TRX-20260709-0814,2026-07-09,03:13,Ayam Geprek Sambal Bawang,Langganan,Potong 12,27,50.21,36.25,13.96,0.722,36500,1104620,1323125,218505,Tunai,Lunas
TRX-20260709-0815,2026-07-09,03:06,Pecel Lele & Ayam Lamongan Cak Har,Langganan,Potong 4,16,36.39,27.15,9.24,0.746,35000,800580,950250,149670,Tempo_3H,Lunas
TRX-20260709-0816,2026-07-09,05:01,Bakso Solo Mas Mul,Langganan,Potong 8,34,72.1,54.0,18.1,0.749,36500,1586199,1971000,384801,Tempo_7H,Belum Lunas
TRX-20260709-0817,2026-07-09,07:58,Eceran Umum,Umum,Karkas Utuh,1,1.7,1.25,0.45,0.735,35000,37400,43750,6350,Tunai,Lunas
TRX-20260709-0818,2026-07-09,04:33,Warung Nasi Sunda Ibu Imas,Langganan,Fillet Dada,18,39.73,29.04,10.69,0.731,48000,874059,1393920,519861,Tempo_7H,Belum Lunas
TRX-20260709-0819,2026-07-09,06:50,Warung Nasi Sunda Ibu Imas,Langganan,Karkas Utuh,16,32.67,23.56,9.11,0.721,35000,718740,824600,105860,Tempo_7H,Belum Lunas
TRX-20260709-0820,2026-07-09,03:23,Ayam Geprek Sambal Bawang,Langganan,Potong 4,10,21.8,16.26,5.54,0.746,35000,479600,569100,89500,Tunai,Lunas
TRX-20260709-0821,2026-07-09,03:37,Warung Padang Roda Jaya,Langganan,Campur,31,62.28,45.59,16.69,0.732,35000,1370160,1595650,225490,Tempo_7H,Belum Lunas
TRX-20260709-0822,2026-07-09,04:55,Bakso Solo Mas Mul,Langganan,Potong 8,12,22.15,16.55,5.6,0.747,36500,487299,604075,116776,Tempo_7H,Lunas
TRX-20260709-0823,2026-07-09,04:48,Katering Berkah Ibu,Langganan,Karkas Utuh,13,29.85,22.36,7.49,0.749,35000,656700,782600,125900,Tempo_14H,Lunas
TRX-20260709-0824,2026-07-09,08:21,Eceran Umum,Umum,Potong 4,1,2.13,1.6,0.53,0.751,35000,46860,56000,9140,Tunai,Lunas
TRX-20260709-0825,2026-07-09,08:38,Warung Nasi Sunda Ibu Imas,Langganan,Campur,13,24.08,17.77,6.31,0.738,35000,529760,621950,92190,Tempo_7H,Belum Lunas
TRX-20260709-0826,2026-07-09,04:53,Warung Padang Roda Jaya,Langganan,Potong 8,17,30.62,22.14,8.48,0.723,36500,673640,808110,134470,Tempo_7H,Belum Lunas
TRX-20260709-0827,2026-07-09,03:09,Bakso Solo Mas Mul,Langganan,Potong 12,6,12.13,8.62,3.51,0.711,36500,266860,314630,47770,Tempo_7H,Belum Lunas
TRX-20260709-0828,2026-07-09,08:31,Eceran Umum,Umum,Potong 12,2,3.66,2.68,0.98,0.733,36500,80520,97820,17300,Tunai,Lunas
TRX-20260709-0829,2026-07-09,08:10,Eceran Umum,Umum,Karkas Utuh,1,1.75,1.31,0.44,0.749,35000,38500,45850,7350,Tunai,Lunas
TRX-20260709-0830,2026-07-09,07:24,Pecel Lele & Ayam Lamongan Cak Har,Langganan,Potong 8,21,46.56,34.41,12.15,0.739,36500,1024320,1255964,231644,Tempo_3H,Belum Lunas
TRX-20260709-0831,2026-07-09,05:38,Warung Padang Roda Jaya,Langganan,Fillet Dada,26,47.86,35.03,12.83,0.732,48000,1052920,1681440,628520,Tempo_7H,Belum Lunas
TRX-20260709-0832,2026-07-09,03:47,Warung Padang Roda Jaya,Langganan,Campur,27,50.81,36.33,14.48,0.715,35000,1117820,1271550,153730,Tempo_7H,Lunas
TRX-20260709-0833,2026-07-09,05:40,Ayam Geprek Sambal Bawang,Langganan,Potong 4,9,19.12,14.4,4.72,0.753,35000,420640,504000,83360,Tunai,Belum Lunas
TRX-20260709-0834,2026-07-09,03:57,Depot Mie Pangsit 88,Langganan,Potong 12,30,57.86,41.49,16.37,0.717,36500,1272920,1514385,241465,Tempo_3H,Belum Lunas
TRX-20260709-0835,2026-07-09,09:33,Eceran Umum,Umum,Campur,2,4.11,2.94,1.17,0.716,35000,90420,102900,12480,Tunai,Lunas
TRX-20260709-0836,2026-07-09,04:57,Bakso Solo Mas Mul,Langganan,Potong 4,8,16.26,12.18,4.08,0.749,35000,357720,426300,68580,Tempo_7H,Belum Lunas
TRX-20260710-0837,2026-07-10,03:32,Warung Nasi Sunda Ibu Imas,Langganan,Fillet Dada,10,22.88,16.31,6.57,0.713,48000,503360,782879,279519,Tempo_7H,Belum Lunas
TRX-20260710-0838,2026-07-10,06:34,Katering Berkah Ibu,Langganan,Potong 8,32,73.32,55.43,17.89,0.756,36500,1613039,2023195,410156,Tempo_14H,Belum Lunas
TRX-20260710-0839,2026-07-10,04:17,Eceran Umum,Umum,Karkas Utuh,1,1.93,1.38,0.55,0.713,35000,42460,48299,5839,Tunai,Lunas
TRX-20260710-0840,2026-07-10,05:30,Eceran Umum,Umum,Potong 12,2,3.8,2.88,0.92,0.757,36500,83600,105120,21520,Tunai,Lunas
TRX-20260710-0841,2026-07-10,08:02,Eceran Umum,Umum,Potong 8,2,4.22,3.15,1.07,0.747,36500,92840,114975,22135,Tunai,Lunas
TRX-20260710-0842,2026-07-10,04:25,Katering Berkah Ibu,Langganan,Potong 4,34,72.54,51.87,20.67,0.715,35000,1595880,1815450,219570,Tempo_14H,Lunas
TRX-20260710-0843,2026-07-10,06:12,Eceran Umum,Umum,Potong 8,1,1.95,1.47,0.48,0.753,36500,42900,53655,10755,Tunai,Lunas
TRX-20260710-0844,2026-07-10,05:58,Bakso Solo Mas Mul,Langganan,Karkas Utuh,29,64.92,46.87,18.05,0.722,35000,1428240,1640450,212210,Tempo_7H,Belum Lunas
TRX-20260710-0845,2026-07-10,03:50,Eceran Umum,Umum,Potong 12,1,2.08,1.48,0.6,0.712,36500,45760,54020,8260,Tunai,Lunas
TRX-20260710-0846,2026-07-10,05:56,Pecel Lele & Ayam Lamongan Cak Har,Langganan,Potong 8,13,23.99,17.94,6.05,0.748,36500,527780,654810,127030,Tempo_3H,Belum Lunas
TRX-20260710-0847,2026-07-10,04:53,Eceran Umum,Umum,Potong 8,1,1.99,1.5,0.49,0.752,36500,43780,54750,10970,Tunai,Lunas
TRX-20260710-0848,2026-07-10,03:37,Eceran Umum,Umum,Potong 4,1,1.86,1.35,0.51,0.727,35000,40920,47250,6330,Tunai,Lunas
TRX-20260710-0849,2026-07-10,04:25,Depot Mie Pangsit 88,Langganan,Potong 8,21,44.37,32.79,11.58,0.739,36500,976140,1196835,220695,Tempo_3H,Belum Lunas
TRX-20260710-0850,2026-07-10,04:35,Katering Berkah Ibu,Langganan,Potong 4,30,55.95,41.63,14.32,0.744,35000,1230900,1457050,226150,Tempo_14H,Belum Lunas
TRX-20260710-0851,2026-07-10,06:51,Warung Nasi Sunda Ibu Imas,Langganan,Potong 4,33,72.81,53.81,19.0,0.739,35000,1601820,1883350,281530,Tempo_7H,Belum Lunas
TRX-20260711-0852,2026-07-11,06:01,Eceran Umum,Umum,Karkas Utuh,1,1.95,1.48,0.47,0.758,35000,42900,51800,8900,Tunai,Lunas
TRX-20260711-0853,2026-07-11,03:58,Eceran Umum,Umum,Campur,2,4.35,3.13,1.22,0.72,35000,95699,109550,13851,Tunai,Lunas
TRX-20260711-0854,2026-07-11,07:23,Pecel Lele & Ayam Lamongan Cak Har,Langganan,Potong 4,16,29.18,21.42,7.76,0.734,35000,641960,749700,107740,Tempo_3H,Lunas
TRX-20260711-0855,2026-07-11,10:35,Ayam Geprek Sambal Bawang,Langganan,Campur,20,43.54,31.48,12.06,0.723,35000,957880,1101800,143920,Tunai,Belum Lunas
TRX-20260711-0856,2026-07-11,04:00,Depot Mie Pangsit 88,Langganan,Fillet Dada,23,51.88,39.22,12.66,0.756,48000,1141360,1882560,741200,Tempo_3H,Lunas
TRX-20260711-0857,2026-07-11,10:40,Eceran Umum,Umum,Potong 4,1,2.12,1.55,0.57,0.733,35000,46640,54250,7610,Tunai,Lunas
TRX-20260711-0858,2026-07-11,08:32,Eceran Umum,Umum,Karkas Utuh,1,1.8,1.33,0.47,0.741,35000,39600,46550,6950,Tunai,Lunas
TRX-20260711-0859,2026-07-11,05:52,Eceran Umum,Umum,Campur,2,3.92,2.87,1.05,0.733,35000,86240,100450,14210,Tunai,Lunas
TRX-20260711-0860,2026-07-11,07:35,Eceran Umum,Umum,Karkas Utuh,1,1.96,1.44,0.52,0.736,35000,43120,50400,7280,Tunai,Lunas
TRX-20260711-0861,2026-07-11,05:23,Eceran Umum,Umum,Potong 12,2,4.24,3.12,1.12,0.737,36500,93280,113880,20600,Tunai,Lunas
TRX-20260711-0862,2026-07-11,04:17,Eceran Umum,Umum,Potong 4,1,1.88,1.36,0.52,0.721,35000,41360,47600,6240,Tunai,Lunas
TRX-20260711-0863,2026-07-11,03:46,Eceran Umum,Umum,Potong 4,2,3.57,2.61,0.96,0.732,35000,78540,91350,12810,Tunai,Lunas
TRX-20260711-0864,2026-07-11,03:30,Warung Padang Roda Jaya,Langganan,Campur,9,17.03,12.09,4.94,0.71,35000,374660,423150,48490,Tempo_7H,Belum Lunas
TRX-20260711-0865,2026-07-11,04:57,Katering Berkah Ibu,Langganan,Potong 4,24,46.5,33.53,12.97,0.721,35000,1023000,1173550,150550,Tempo_14H,Belum Lunas
TRX-20260711-0866,2026-07-11,05:28,Pecel Lele & Ayam Lamongan Cak Har,Langganan,Potong 8,27,49.66,36.7,12.96,0.739,36500,1092520,1339550,247030,Tempo_3H,Lunas
TRX-20260711-0867,2026-07-11,09:04,Eceran Umum,Umum,Fillet Dada,1,2.01,1.48,0.53,0.734,48000,44219,71040,26821,Tunai,Lunas
TRX-20260711-0868,2026-07-11,04:28,Ayam Geprek Sambal Bawang,Langganan,Potong 12,18,35.55,25.81,9.74,0.726,36500,782099,942065,159966,Tunai,Belum Lunas
TRX-20260711-0869,2026-07-11,04:49,Katering Berkah Ibu,Langganan,Karkas Utuh,16,35.99,27.24,8.75,0.757,35000,791780,953400,161620,Tempo_14H,Belum Lunas
TRX-20260711-0870,2026-07-11,03:37,Ayam Geprek Sambal Bawang,Langganan,Karkas Utuh,22,49.64,35.69,13.95,0.719,35000,1092080,1249150,157070,Tunai,Lunas
TRX-20260711-0871,2026-07-11,03:54,Pecel Lele & Ayam Lamongan Cak Har,Langganan,Potong 12,32,61.39,43.83,17.56,0.714,36500,1350580,1599795,249215,Tempo_3H,Belum Lunas
TRX-20260711-0872,2026-07-11,10:44,Katering Berkah Ibu,Langganan,Campur,5,9.75,6.97,2.78,0.715,35000,214500,243950,29450,Tempo_14H,Belum Lunas
TRX-20260711-0873,2026-07-11,04:29,Pecel Lele & Ayam Lamongan Cak Har,Langganan,Karkas Utuh,6,13.74,10.18,3.56,0.741,35000,302280,356300,54020,Tempo_3H,Belum Lunas
TRX-20260711-0874,2026-07-11,10:54,Eceran Umum,Umum,Karkas Utuh,2,3.47,2.47,1.0,0.713,35000,76340,86450,10110,Tunai,Lunas
TRX-20260712-0875,2026-07-12,04:12,Pecel Lele & Ayam Lamongan Cak Har,Langganan,Fillet Dada,30,54.95,40.72,14.23,0.741,48000,1208900,1954560,745660,Tempo_3H,Belum Lunas
TRX-20260712-0876,2026-07-12,07:29,Eceran Umum,Umum,Karkas Utuh,2,3.98,2.89,1.09,0.725,35000,87560,101150,13590,Tunai,Lunas
TRX-20260712-0877,2026-07-12,06:23,Eceran Umum,Umum,Potong 8,1,1.9,1.43,0.47,0.755,36500,41800,52195,10395,Tunai,Lunas
TRX-20260712-0878,2026-07-12,06:10,Pecel Lele & Ayam Lamongan Cak Har,Langganan,Potong 12,30,56.32,41.73,14.59,0.741,36500,1239040,1523145,284105,Tempo_3H,Lunas
TRX-20260712-0879,2026-07-12,04:29,Katering Berkah Ibu,Langganan,Potong 4,33,64.68,47.54,17.14,0.735,35000,1422960,1663900,240940,Tempo_14H,Lunas
TRX-20260712-0880,2026-07-12,08:24,Warung Nasi Sunda Ibu Imas,Langganan,Potong 12,15,32.72,23.46,9.26,0.717,36500,719840,856290,136450,Tempo_7H,Lunas
TRX-20260712-0881,2026-07-12,05:18,Eceran Umum,Umum,Potong 8,2,4.15,3.1,1.05,0.747,36500,91300,113150,21850,Tunai,Lunas
TRX-20260712-0882,2026-07-12,08:32,Eceran Umum,Umum,Potong 4,1,1.89,1.36,0.53,0.719,35000,41580,47600,6020,Tunai,Lunas
TRX-20260712-0883,2026-07-12,05:52,Eceran Umum,Umum,Fillet Dada,2,4.0,2.99,1.01,0.747,48000,88000,143520,55520,Tunai,Lunas
TRX-20260712-0884,2026-07-12,05:32,Eceran Umum,Umum,Potong 8,2,3.46,2.62,0.84,0.756,36500,76120,95630,19510,Tunai,Lunas
TRX-20260712-0885,2026-07-12,05:47,Bakso Solo Mas Mul,Langganan,Potong 8,10,19.45,14.65,4.8,0.753,36500,427900,534725,106825,Tempo_7H,Belum Lunas
TRX-20260712-0886,2026-07-12,05:40,Eceran Umum,Umum,Potong 8,2,3.48,2.51,0.97,0.721,36500,76560,91614,15054,Tunai,Lunas
TRX-20260712-0887,2026-07-12,07:53,Eceran Umum,Umum,Campur,1,2.17,1.61,0.56,0.742,35000,47740,56350,8610,Tunai,Lunas
TRX-20260712-0888,2026-07-12,05:39,Ayam Geprek Sambal Bawang,Langganan,Karkas Utuh,17,34.5,24.81,9.69,0.719,35000,759000,868350,109350,Tunai,Belum Lunas
TRX-20260712-0889,2026-07-12,05:24,Eceran Umum,Umum,Campur,1,2.17,1.55,0.62,0.716,35000,47740,54250,6510,Tunai,Lunas
TRX-20260712-0890,2026-07-12,03:58,Eceran Umum,Umum,Potong 12,2,4.03,3.01,1.02,0.746,36500,88660,109864,21204,Tunai,Lunas
TRX-20260712-0891,2026-07-12,04:11,Eceran Umum,Umum,Potong 12,1,1.84,1.35,0.49,0.734,36500,40480,49275,8795,Tunai,Lunas
TRX-20260712-0892,2026-07-12,03:28,Warung Nasi Sunda Ibu Imas,Langganan,Fillet Dada,17,34.93,24.84,10.09,0.711,48000,768460,1192320,423860,Tempo_7H,Belum Lunas
TRX-20260712-0893,2026-07-12,05:10,Eceran Umum,Umum,Potong 12,2,4.25,3.15,1.1,0.742,36500,93500,114975,21475,Tunai,Lunas
TRX-20260712-0894,2026-07-12,04:40,Eceran Umum,Umum,Karkas Utuh,2,3.5,2.61,0.89,0.745,35000,77000,91350,14350,Tunai,Lunas
TRX-20260712-0895,2026-07-12,04:01,Eceran Umum,Umum,Potong 12,1,1.9,1.44,0.46,0.759,36500,41800,52560,10760,Tunai,Lunas
TRX-20260712-0896,2026-07-12,06:47,Katering Berkah Ibu,Langganan,Karkas Utuh,7,14.82,11.19,3.63,0.755,35000,326040,391650,65610,Tempo_14H,Belum Lunas
TRX-20260712-0897,2026-07-12,03:26,Eceran Umum,Umum,Campur,2,3.92,2.79,1.13,0.712,35000,86240,97650,11410,Tunai,Lunas
TRX-20260712-0898,2026-07-12,06:58,Eceran Umum,Umum,Karkas Utuh,2,3.62,2.72,0.9,0.751,35000,79640,95200,15560,Tunai,Lunas
TRX-20260712-0899,2026-07-12,05:22,Eceran Umum,Umum,Fillet Dada,1,2.17,1.56,0.61,0.719,48000,47740,74880,27140,Tunai,Lunas
TRX-20260712-0900,2026-07-12,04:30,Depot Mie Pangsit 88,Langganan,Potong 8,34,67.99,51.6,16.39,0.759,36500,1495780,1883400,387620,Tempo_3H,Belum Lunas
TRX-20260712-0901,2026-07-12,04:39,Warung Padang Roda Jaya,Langganan,Potong 8,7,12.77,9.45,3.32,0.74,36500,280940,344925,63985,Tempo_7H,Belum Lunas
TRX-20260712-0902,2026-07-12,08:19,Warung Nasi Sunda Ibu Imas,Langganan,Potong 8,10,21.34,15.28,6.06,0.716,36500,469480,557720,88240,Tempo_7H,Belum Lunas
TRX-20260712-0903,2026-07-12,04:02,Eceran Umum,Umum,Potong 12,1,2.13,1.54,0.59,0.721,36500,46860,56210,9350,Tunai,Lunas
TRX-20260712-0904,2026-07-12,03:34,Depot Mie Pangsit 88,Langganan,Potong 8,9,18.83,13.61,5.22,0.723,36500,414259,496765,82506,Tempo_3H,Lunas
TRX-20260712-0905,2026-07-12,06:19,Eceran Umum,Umum,Potong 8,2,4.14,3.12,1.02,0.753,36500,91080,113880,22800,Tunai,Lunas
TRX-20260712-0906,2026-07-12,06:15,Warung Padang Roda Jaya,Langganan,Karkas Utuh,16,31.18,22.14,9.04,0.71,35000,685960,774900,88940,Tempo_7H,Belum Lunas
TRX-20260712-0907,2026-07-12,07:47,Ayam Geprek Sambal Bawang,Langganan,Fillet Dada,13,24.06,17.11,6.95,0.711,48000,529320,821280,291960,Tunai,Belum Lunas
TRX-20260713-0908,2026-07-13,03:04,Katering Berkah Ibu,Langganan,Potong 4,13,28.36,21.27,7.09,0.75,35000,623920,744450,120530,Tempo_14H,Belum Lunas
TRX-20260713-0909,2026-07-13,03:54,Eceran Umum,Umum,Potong 8,2,3.52,2.58,0.94,0.733,36500,77440,94170,16730,Tunai,Lunas
TRX-20260713-0910,2026-07-13,05:32,Pecel Lele & Ayam Lamongan Cak Har,Langganan,Fillet Dada,21,42.78,31.14,11.64,0.728,48000,941160,1494720,553560,Tempo_3H,Belum Lunas
TRX-20260713-0911,2026-07-13,05:52,Warung Padang Roda Jaya,Langganan,Potong 8,17,37.45,27.23,10.22,0.727,36500,823900,993895,169995,Tempo_7H,Lunas
TRX-20260713-0912,2026-07-13,05:31,Depot Mie Pangsit 88,Langganan,Potong 8,21,47.44,35.82,11.62,0.755,36500,1043680,1307430,263750,Tempo_3H,Belum Lunas
TRX-20260713-0913,2026-07-13,05:09,Warung Padang Roda Jaya,Langganan,Potong 4,25,46.33,34.7,11.63,0.749,35000,1019260,1214500,195240,Tempo_7H,Lunas
TRX-20260713-0914,2026-07-13,04:06,Eceran Umum,Umum,Potong 4,2,3.69,2.63,1.06,0.714,35000,81180,92050,10870,Tunai,Lunas
TRX-20260713-0915,2026-07-13,06:42,Eceran Umum,Umum,Potong 4,1,1.79,1.32,0.47,0.735,35000,39380,46200,6820,Tunai,Lunas
TRX-20260713-0916,2026-07-13,06:08,Eceran Umum,Umum,Potong 12,1,1.82,1.34,0.48,0.734,36500,40040,48910,8870,Tunai,Lunas
TRX-20260713-0917,2026-07-13,06:36,Eceran Umum,Umum,Potong 4,2,3.98,2.92,1.06,0.733,35000,87560,102200,14640,Tunai,Lunas
TRX-20260713-0918,2026-07-13,06:06,Pecel Lele & Ayam Lamongan Cak Har,Langganan,Potong 4,30,60.43,43.45,16.98,0.719,35000,1329460,1520750,191290,Tempo_3H,Belum Lunas
TRX-20260713-0919,2026-07-13,05:35,Eceran Umum,Umum,Karkas Utuh,2,3.52,2.6,0.92,0.739,35000,77440,91000,13560,Tunai,Lunas
TRX-20260713-0920,2026-07-13,04:51,Bakso Solo Mas Mul,Langganan,Potong 8,22,49.66,36.5,13.16,0.735,36500,1092520,1332250,239730,Tempo_7H,Belum Lunas
TRX-20260713-0921,2026-07-13,06:21,Eceran Umum,Umum,Karkas Utuh,1,1.76,1.28,0.48,0.729,35000,38720,44800,6080,Tunai,Lunas
TRX-20260713-0922,2026-07-13,08:38,Pecel Lele & Ayam Lamongan Cak Har,Langganan,Potong 8,27,50.15,37.06,13.09,0.739,36500,1103300,1352690,249390,Tempo_3H,Belum Lunas
TRX-20260713-0923,2026-07-13,08:42,Eceran Umum,Umum,Karkas Utuh,2,4.02,2.98,1.04,0.742,35000,88439,104300,15861,Tunai,Lunas
TRX-20260714-0924,2026-07-14,06:25,Warung Nasi Sunda Ibu Imas,Langganan,Potong 8,32,63.39,45.32,18.07,0.715,36500,1394580,1654180,259600,Tempo_7H,Belum Lunas
TRX-20260714-0925,2026-07-14,03:49,Pecel Lele & Ayam Lamongan Cak Har,Langganan,Karkas Utuh,14,29.58,22.39,7.19,0.757,35000,650760,783650,132890,Tempo_3H,Belum Lunas
TRX-20260714-0926,2026-07-14,03:13,Warung Padang Roda Jaya,Langganan,Potong 8,15,27.24,20.35,6.89,0.747,36500,599280,742775,143495,Tempo_7H,Belum Lunas
TRX-20260714-0927,2026-07-14,07:59,Eceran Umum,Umum,Campur,2,3.65,2.66,0.99,0.729,35000,80300,93100,12800,Tunai,Lunas
TRX-20260714-0928,2026-07-14,05:08,Eceran Umum,Umum,Potong 4,1,1.73,1.24,0.49,0.717,35000,38060,43400,5340,Tunai,Lunas
TRX-20260714-0929,2026-07-14,06:16,Eceran Umum,Umum,Fillet Dada,2,4.29,3.05,1.24,0.711,48000,94380,146400,52020,Tunai,Lunas
TRX-20260714-0930,2026-07-14,05:01,Ayam Geprek Sambal Bawang,Langganan,Potong 4,27,55.45,40.76,14.69,0.735,35000,1219900,1426600,206700,Tunai,Lunas
TRX-20260714-0931,2026-07-14,04:31,Eceran Umum,Umum,Fillet Dada,1,1.74,1.26,0.48,0.723,48000,38280,60480,22200,Tunai,Lunas
TRX-20260714-0932,2026-07-14,03:37,Eceran Umum,Umum,Fillet Dada,1,1.7,1.26,0.44,0.742,48000,37400,60480,23080,Tunai,Lunas
TRX-20260714-0933,2026-07-14,08:11,Eceran Umum,Umum,Potong 4,2,4.01,2.85,1.16,0.71,35000,88220,99750,11530,Tunai,Lunas
TRX-20260714-0934,2026-07-14,05:41,Ayam Geprek Sambal Bawang,Langganan,Karkas Utuh,33,74.69,54.82,19.87,0.734,35000,1643180,1918700,275520,Tunai,Belum Lunas
TRX-20260714-0935,2026-07-14,06:53,Pecel Lele & Ayam Lamongan Cak Har,Langganan,Karkas Utuh,12,23.06,17.46,5.6,0.757,35000,507320,611100,103780,Tempo_3H,Lunas
TRX-20260714-0936,2026-07-14,05:46,Eceran Umum,Umum,Karkas Utuh,1,2.1,1.56,0.54,0.745,35000,46200,54600,8400,Tunai,Lunas
TRX-20260714-0937,2026-07-14,04:27,Eceran Umum,Umum,Karkas Utuh,1,1.76,1.34,0.42,0.759,35000,38720,46900,8180,Tunai,Lunas
TRX-20260714-0938,2026-07-14,04:06,Pecel Lele & Ayam Lamongan Cak Har,Langganan,Potong 8,9,18.69,13.44,5.25,0.719,36500,411180,490560,79380,Tempo_3H,Belum Lunas
TRX-20260714-0939,2026-07-14,06:10,Pecel Lele & Ayam Lamongan Cak Har,Langganan,Potong 8,27,60.67,45.87,14.8,0.756,36500,1334740,1674255,339515,Tempo_3H,Lunas
TRX-20260714-0940,2026-07-14,06:47,Warung Padang Roda Jaya,Langganan,Potong 8,13,24.48,18.36,6.12,0.75,36500,538560,670140,131580,Tempo_7H,Belum Lunas
TRX-20260714-0941,2026-07-14,05:54,Eceran Umum,Umum,Potong 4,1,1.71,1.25,0.46,0.73,35000,37620,43750,6130,Tunai,Lunas
TRX-20260714-0942,2026-07-14,06:20,Warung Padang Roda Jaya,Langganan,Potong 12,18,34.34,24.59,9.75,0.716,36500,755480,897535,142055,Tempo_7H,Belum Lunas
TRX-20260714-0943,2026-07-14,10:10,Eceran Umum,Umum,Campur,2,4.38,3.13,1.25,0.715,35000,96360,109550,13190,Tunai,Lunas
TRX-20260715-0944,2026-07-15,09:01,Ayam Geprek Sambal Bawang,Langganan,Campur,6,12.16,9.14,3.02,0.752,35000,267520,319900,52380,Tunai,Belum Lunas
TRX-20260715-0945,2026-07-15,06:32,Bakso Solo Mas Mul,Langganan,Fillet Dada,16,33.13,24.85,8.28,0.75,48000,728860,1192800,463940,Tempo_7H,Belum Lunas
TRX-20260715-0946,2026-07-15,04:39,Eceran Umum,Umum,Karkas Utuh,1,1.92,1.46,0.46,0.758,35000,42240,51100,8860,Tunai,Lunas
TRX-20260715-0947,2026-07-15,03:34,Warung Padang Roda Jaya,Langganan,Campur,19,37.24,28.04,9.2,0.753,35000,819280,981400,162120,Tempo_7H,Belum Lunas
TRX-20260715-0948,2026-07-15,03:23,Eceran Umum,Umum,Potong 4,2,4.18,3.06,1.12,0.732,35000,91960,107100,15140,Tunai,Lunas
TRX-20260715-0949,2026-07-15,07:37,Warung Padang Roda Jaya,Langganan,Potong 8,9,17.89,13.02,4.87,0.728,36500,393580,475230,81650,Tempo_7H,Belum Lunas
TRX-20260715-0950,2026-07-15,04:46,Pecel Lele & Ayam Lamongan Cak Har,Langganan,Potong 8,26,50.3,36.42,13.88,0.724,36500,1106600,1329330,222730,Tempo_3H,Belum Lunas
TRX-20260715-0951,2026-07-15,05:20,Bakso Solo Mas Mul,Langganan,Karkas Utuh,10,21.09,15.5,5.59,0.735,35000,463980,542500,78520,Tempo_7H,Belum Lunas
TRX-20260715-0952,2026-07-15,03:09,Eceran Umum,Umum,Potong 12,1,1.9,1.39,0.51,0.733,36500,41800,50735,8935,Tunai,Lunas
TRX-20260715-0953,2026-07-15,03:10,Eceran Umum,Umum,Potong 8,2,3.91,2.82,1.09,0.722,36500,86020,102930,16910,Tunai,Lunas
TRX-20260715-0954,2026-07-15,03:55,Bakso Solo Mas Mul,Langganan,Fillet Dada,33,64.12,46.29,17.83,0.722,48000,1410640,2221920,811280,Tempo_7H,Belum Lunas
TRX-20260715-0955,2026-07-15,07:03,Katering Berkah Ibu,Langganan,Fillet Dada,11,21.31,16.17,5.14,0.759,48000,468820,776160,307340,Tempo_14H,Belum Lunas
TRX-20260715-0956,2026-07-15,03:11,Bakso Solo Mas Mul,Langganan,Karkas Utuh,31,64.62,48.85,15.77,0.756,35000,1421640,1709750,288110,Tempo_7H,Belum Lunas
TRX-20260715-0957,2026-07-15,05:44,Warung Padang Roda Jaya,Langganan,Potong 4,27,49.48,36.27,13.21,0.733,35000,1088560,1269450,180890,Tempo_7H,Lunas
TRX-20260715-0958,2026-07-15,05:27,Warung Padang Roda Jaya,Langganan,Fillet Dada,19,35.76,26.28,9.48,0.735,48000,786720,1261440,474720,Tempo_7H,Belum Lunas
TRX-20260715-0959,2026-07-15,04:07,Katering Berkah Ibu,Langganan,Potong 12,18,34.28,24.41,9.87,0.712,36500,754160,890965,136805,Tempo_14H,Belum Lunas
TRX-20260715-0960,2026-07-15,09:42,Pecel Lele & Ayam Lamongan Cak Har,Langganan,Karkas Utuh,17,35.11,24.96,10.15,0.711,35000,772420,873600,101180,Tempo_3H,Lunas
TRX-20260715-0961,2026-07-15,06:02,Warung Padang Roda Jaya,Langganan,Campur,11,21.34,15.75,5.59,0.738,35000,469480,551250,81770,Tempo_7H,Lunas
TRX-20260715-0962,2026-07-15,07:45,Eceran Umum,Umum,Karkas Utuh,2,3.68,2.7,0.98,0.735,35000,80960,94500,13540,Tunai,Lunas
TRX-20260715-0963,2026-07-15,05:41,Eceran Umum,Umum,Potong 8,2,4.28,3.08,1.2,0.72,36500,94160,112420,18260,Tunai,Lunas
TRX-20260715-0964,2026-07-15,03:18,Ayam Geprek Sambal Bawang,Langganan,Potong 8,12,23.49,17.29,6.2,0.736,36500,516779,631085,114306,Tunai,Belum Lunas
TRX-20260715-0965,2026-07-15,04:11,Eceran Umum,Umum,Karkas Utuh,1,1.8,1.32,0.48,0.731,35000,39600,46200,6600,Tunai,Lunas
TRX-20260716-0966,2026-07-16,07:05,Bakso Solo Mas Mul,Langganan,Campur,15,28.03,20.38,7.65,0.727,35000,616660,713300,96640,Tempo_7H,Belum Lunas
TRX-20260716-0967,2026-07-16,06:15,Eceran Umum,Umum,Fillet Dada,2,3.89,2.8,1.09,0.719,48000,85580,134400,48820,Tunai,Lunas
TRX-20260716-0968,2026-07-16,04:56,Bakso Solo Mas Mul,Langganan,Potong 8,32,67.49,50.15,17.34,0.743,36500,1484780,1830475,345695,Tempo_7H,Belum Lunas
TRX-20260716-0969,2026-07-16,08:53,Warung Nasi Sunda Ibu Imas,Langganan,Potong 4,12,25.94,18.47,7.47,0.712,35000,570680,646450,75770,Tempo_7H,Belum Lunas
TRX-20260716-0970,2026-07-16,09:39,Warung Padang Roda Jaya,Langganan,Potong 8,31,64.35,48.39,15.96,0.752,36500,1415699,1766235,350536,Tempo_7H,Belum Lunas
TRX-20260716-0971,2026-07-16,04:45,Eceran Umum,Umum,Potong 12,2,4.02,2.93,1.09,0.73,36500,88439,106945,18506,Tunai,Lunas
TRX-20260716-0972,2026-07-16,04:43,Eceran Umum,Umum,Potong 12,2,4.35,3.15,1.2,0.723,36500,95699,114975,19276,Tunai,Lunas
TRX-20260716-0973,2026-07-16,03:43,Pecel Lele & Ayam Lamongan Cak Har,Langganan,Potong 4,34,77.08,57.66,19.42,0.748,35000,1695760,2018099,322339,Tempo_3H,Belum Lunas
TRX-20260716-0974,2026-07-16,06:58,Pecel Lele & Ayam Lamongan Cak Har,Langganan,Potong 8,19,42.98,31.63,11.35,0.736,36500,945559,1154495,208936,Tempo_3H,Lunas
TRX-20260716-0975,2026-07-16,03:18,Warung Padang Roda Jaya,Langganan,Potong 12,25,52.78,37.53,15.25,0.711,36500,1161160,1369845,208685,Tempo_7H,Lunas
TRX-20260716-0976,2026-07-16,09:47,Warung Padang Roda Jaya,Langganan,Fillet Dada,21,40.71,29.03,11.68,0.713,48000,895620,1393440,497820,Tempo_7H,Belum Lunas
TRX-20260716-0977,2026-07-16,04:20,Eceran Umum,Umum,Karkas Utuh,2,3.81,2.73,1.08,0.717,35000,83820,95550,11730,Tunai,Lunas
TRX-20260716-0978,2026-07-16,09:06,Warung Padang Roda Jaya,Langganan,Karkas Utuh,30,66.62,47.43,19.19,0.712,35000,1465640,1660050,194410,Tempo_7H,Belum Lunas
TRX-20260716-0979,2026-07-16,05:12,Eceran Umum,Umum,Fillet Dada,2,4.32,3.11,1.21,0.72,48000,95040,149280,54240,Tunai,Lunas
TRX-20260716-0980,2026-07-16,03:10,Ayam Geprek Sambal Bawang,Langganan,Potong 8,34,75.57,56.38,19.19,0.746,36500,1662539,2057870,395331,Tunai,Belum Lunas
TRX-20260716-0981,2026-07-16,04:10,Eceran Umum,Umum,Potong 8,1,1.79,1.28,0.51,0.713,36500,39380,46720,7340,Tunai,Lunas
TRX-20260716-0982,2026-07-16,03:18,Warung Nasi Sunda Ibu Imas,Langganan,Karkas Utuh,12,26.65,19.67,6.98,0.738,35000,586300,688450,102150,Tempo_7H,Belum Lunas
TRX-20260716-0983,2026-07-16,03:06,Ayam Geprek Sambal Bawang,Langganan,Campur,23,49.1,37.02,12.08,0.754,35000,1080200,1295700,215500,Tunai,Belum Lunas
TRX-20260716-0984,2026-07-16,04:48,Depot Mie Pangsit 88,Langganan,Potong 8,33,63.83,46.92,16.91,0.735,36500,1404260,1712580,308320,Tempo_3H,Lunas
TRX-20260716-0985,2026-07-16,05:17,Depot Mie Pangsit 88,Langganan,Potong 12,15,29.51,21.72,7.79,0.736,36500,649220,792780,143560,Tempo_3H,Belum Lunas
TRX-20260716-0986,2026-07-16,07:13,Eceran Umum,Umum,Potong 4,1,1.73,1.29,0.44,0.748,35000,38060,45150,7090,Tunai,Lunas
TRX-20260716-0987,2026-07-16,04:21,Warung Nasi Sunda Ibu Imas,Langganan,Potong 12,6,12.53,9.0,3.53,0.718,36500,275660,328500,52840,Tempo_7H,Belum Lunas
TRX-20260716-0988,2026-07-16,05:36,Katering Berkah Ibu,Langganan,Potong 4,30,62.43,44.33,18.1,0.71,35000,1373460,1551550,178090,Tempo_14H,Lunas
TRX-20260717-0989,2026-07-17,10:45,Katering Berkah Ibu,Langganan,Campur,24,47.71,36.07,11.64,0.756,35000,1049620,1262450,212830,Tempo_14H,Belum Lunas
TRX-20260717-0990,2026-07-17,08:21,Katering Berkah Ibu,Langganan,Karkas Utuh,22,44.41,32.29,12.12,0.727,35000,977019,1130150,153131,Tempo_14H,Belum Lunas
TRX-20260717-0991,2026-07-17,04:56,Eceran Umum,Umum,Potong 8,2,4.1,3.04,1.06,0.741,36500,90199,110960,20761,Tunai,Lunas
TRX-20260717-0992,2026-07-17,04:13,Warung Padang Roda Jaya,Langganan,Karkas Utuh,16,36.17,26.73,9.44,0.739,35000,795740,935550,139810,Tempo_7H,Belum Lunas
TRX-20260717-0993,2026-07-17,04:10,Depot Mie Pangsit 88,Langganan,Potong 8,6,11.15,7.98,3.17,0.716,36500,245300,291270,45970,Tempo_3H,Belum Lunas
TRX-20260717-0994,2026-07-17,04:22,Warung Nasi Sunda Ibu Imas,Langganan,Karkas Utuh,29,55.79,39.72,16.07,0.712,35000,1227380,1390200,162820,Tempo_7H,Lunas
TRX-20260717-0995,2026-07-17,04:14,Bakso Solo Mas Mul,Langganan,Potong 8,23,44.92,33.06,11.86,0.736,36500,988240,1206690,218450,Tempo_7H,Belum Lunas
TRX-20260717-0996,2026-07-17,07:45,Bakso Solo Mas Mul,Langganan,Karkas Utuh,16,29.37,21.35,8.02,0.727,35000,646140,747250,101110,Tempo_7H,Belum Lunas
TRX-20260717-0997,2026-07-17,07:30,Eceran Umum,Umum,Potong 12,2,4.35,3.1,1.25,0.713,36500,95699,113150,17451,Tunai,Lunas
TRX-20260717-0998,2026-07-17,06:40,Warung Padang Roda Jaya,Langganan,Potong 8,6,13.07,9.8,3.27,0.75,36500,287540,357700,70160,Tempo_7H,Belum Lunas
TRX-20260717-0999,2026-07-17,04:14,Ayam Geprek Sambal Bawang,Langganan,Potong 4,32,71.94,53.52,18.42,0.744,35000,1582680,1873200,290520,Tunai,Belum Lunas
TRX-20260717-1000,2026-07-17,08:51,Eceran Umum,Umum,Potong 8,2,3.64,2.66,0.98,0.731,36500,80080,97090,17010,Tunai,Lunas
TRX-20260717-1001,2026-07-17,04:41,Eceran Umum,Umum,Potong 12,1,1.99,1.46,0.53,0.732,36500,43780,53290,9510,Tunai,Lunas
TRX-20260717-1002,2026-07-17,06:22,Eceran Umum,Umum,Potong 4,2,3.73,2.79,0.94,0.747,35000,82060,97650,15590,Tunai,Lunas
TRX-20260717-1003,2026-07-17,03:32,Eceran Umum,Umum,Potong 12,2,3.65,2.6,1.05,0.713,36500,80300,94900,14600,Tunai,Lunas
TRX-20260717-1004,2026-07-17,08:23,Eceran Umum,Umum,Potong 8,2,3.96,2.91,1.05,0.736,36500,87120,106215,19095,Tunai,Lunas
TRX-20260717-1005,2026-07-17,04:50,Katering Berkah Ibu,Langganan,Karkas Utuh,33,70.85,50.37,20.48,0.711,35000,1558699,1762950,204251,Tempo_14H,Belum Lunas
TRX-20260717-1006,2026-07-17,05:51,Eceran Umum,Umum,Fillet Dada,2,3.62,2.69,0.93,0.744,48000,79640,129120,49480,Tunai,Lunas
TRX-20260718-1007,2026-07-18,06:55,Bakso Solo Mas Mul,Langganan,Potong 12,14,27.26,20.15,7.11,0.739,36500,599720,735475,135755,Tempo_7H,Belum Lunas
TRX-20260718-1008,2026-07-18,04:33,Eceran Umum,Umum,Fillet Dada,1,2.16,1.59,0.57,0.737,48000,47520,76320,28800,Tunai,Lunas
TRX-20260718-1009,2026-07-18,08:03,Katering Berkah Ibu,Langganan,Potong 8,26,49.64,35.59,14.05,0.717,36500,1092080,1299035,206955,Tempo_14H,Lunas
TRX-20260718-1010,2026-07-18,06:46,Eceran Umum,Umum,Potong 4,1,2.0,1.51,0.49,0.754,35000,44000,52850,8850,Tunai,Lunas
TRX-20260718-1011,2026-07-18,06:16,Ayam Geprek Sambal Bawang,Langganan,Potong 8,26,51.19,36.55,14.64,0.714,36500,1126180,1334075,207895,Tunai,Belum Lunas
TRX-20260718-1012,2026-07-18,05:17,Pecel Lele & Ayam Lamongan Cak Har,Langganan,Karkas Utuh,14,27.61,19.82,7.79,0.718,35000,607420,693700,86280,Tempo_3H,Belum Lunas
TRX-20260718-1013,2026-07-18,03:58,Warung Nasi Sunda Ibu Imas,Langganan,Potong 8,20,37.71,27.0,10.71,0.716,36500,829620,985500,155880,Tempo_7H,Belum Lunas
TRX-20260718-1014,2026-07-18,05:00,Ayam Geprek Sambal Bawang,Langganan,Fillet Dada,13,23.88,18.15,5.73,0.76,48000,525360,871199,345839,Tunai,Belum Lunas
TRX-20260718-1015,2026-07-18,05:40,Eceran Umum,Umum,Potong 8,2,3.4,2.49,0.91,0.732,36500,74800,90885,16085,Tunai,Lunas
TRX-20260718-1016,2026-07-18,05:08,Pecel Lele & Ayam Lamongan Cak Har,Langganan,Potong 4,21,44.08,32.62,11.46,0.74,35000,969760,1141700,171940,Tempo_3H,Lunas
TRX-20260718-1017,2026-07-18,05:57,Warung Nasi Sunda Ibu Imas,Langganan,Campur,8,16.84,12.18,4.66,0.723,35000,370480,426300,55820,Tempo_7H,Belum Lunas
TRX-20260718-1018,2026-07-18,07:15,Warung Padang Roda Jaya,Langganan,Karkas Utuh,20,44.07,31.64,12.43,0.718,35000,969540,1107400,137860,Tempo_7H,Lunas
TRX-20260718-1019,2026-07-18,05:38,Eceran Umum,Umum,Potong 4,1,1.98,1.47,0.51,0.74,35000,43560,51450,7890,Tunai,Lunas
TRX-20260718-1020,2026-07-18,05:22,Eceran Umum,Umum,Campur,2,4.26,3.14,1.12,0.738,35000,93720,109900,16180,Tunai,Lunas
TRX-20260718-1021,2026-07-18,04:19,Eceran Umum,Umum,Potong 8,1,2.04,1.47,0.57,0.723,36500,44880,53655,8775,Tunai,Lunas
TRX-20260718-1022,2026-07-18,10:44,Eceran Umum,Umum,Karkas Utuh,1,1.75,1.29,0.46,0.739,35000,38500,45150,6650,Tunai,Lunas
TRX-20260718-1023,2026-07-18,04:58,Depot Mie Pangsit 88,Langganan,Fillet Dada,21,45.56,33.3,12.26,0.731,48000,1002320,1598399,596079,Tempo_3H,Belum Lunas
TRX-20260718-1024,2026-07-18,07:29,Eceran Umum,Umum,Karkas Utuh,1,2.1,1.54,0.56,0.734,35000,46200,53900,7700,Tunai,Lunas
TRX-20260718-1025,2026-07-18,04:53,Eceran Umum,Umum,Campur,1,2.05,1.5,0.55,0.734,35000,45099,52500,7401,Tunai,Lunas
TRX-20260718-1026,2026-07-18,10:29,Warung Padang Roda Jaya,Langganan,Potong 12,22,48.52,34.93,13.59,0.72,36500,1067440,1274945,207505,Tempo_7H,Lunas
TRX-20260718-1027,2026-07-18,05:47,Katering Berkah Ibu,Langganan,Fillet Dada,19,39.06,29.53,9.53,0.756,48000,859320,1417440,558120,Tempo_14H,Belum Lunas
TRX-20260718-1028,2026-07-18,04:58,Eceran Umum,Umum,Potong 12,1,2.18,1.65,0.53,0.756,36500,47960,60225,12265,Tunai,Lunas
TRX-20260718-1029,2026-07-18,03:25,Eceran Umum,Umum,Potong 8,2,3.59,2.62,0.97,0.731,36500,78980,95630,16650,Tunai,Lunas
TRX-20260718-1030,2026-07-18,05:13,Eceran Umum,Umum,Fillet Dada,1,2.17,1.64,0.53,0.755,48000,47740,78720,30980,Tunai,Lunas
TRX-20260718-1031,2026-07-18,03:28,Pecel Lele & Ayam Lamongan Cak Har,Langganan,Potong 12,34,78.07,57.85,20.22,0.741,36500,1717539,2111525,393986,Tempo_3H,Belum Lunas
TRX-20260718-1032,2026-07-18,08:30,Eceran Umum,Umum,Karkas Utuh,1,1.8,1.34,0.46,0.746,35000,39600,46900,7300,Tunai,Lunas
TRX-20260718-1033,2026-07-18,04:08,Eceran Umum,Umum,Campur,1,1.91,1.43,0.48,0.747,35000,42020,50050,8030,Tunai,Lunas
TRX-20260718-1034,2026-07-18,04:58,Eceran Umum,Umum,Potong 8,2,3.58,2.63,0.95,0.734,36500,78760,95995,17235,Tunai,Lunas
TRX-20260718-1035,2026-07-18,03:00,Bakso Solo Mas Mul,Langganan,Potong 4,27,55.83,42.04,13.79,0.753,35000,1228260,1471400,243140,Tempo_7H,Lunas
TRX-20260718-1036,2026-07-18,03:16,Warung Nasi Sunda Ibu Imas,Langganan,Karkas Utuh,6,12.78,9.41,3.37,0.736,35000,281160,329350,48190,Tempo_7H,Belum Lunas
TRX-20260718-1037,2026-07-18,07:48,Pecel Lele & Ayam Lamongan Cak Har,Langganan,Fillet Dada,30,55.73,41.8,13.93,0.75,48000,1226060,2006399,780339,Tempo_3H,Belum Lunas
TRX-20260719-1038,2026-07-19,04:27,Eceran Umum,Umum,Potong 12,1,1.83,1.3,0.53,0.713,36500,40260,47450,7190,Tunai,Lunas
TRX-20260719-1039,2026-07-19,07:50,Eceran Umum,Umum,Potong 4,2,3.82,2.9,0.92,0.759,35000,84040,101500,17460,Tunai,Lunas
TRX-20260719-1040,2026-07-19,04:46,Eceran Umum,Umum,Potong 4,2,3.78,2.86,0.92,0.756,35000,83160,100100,16940,Tunai,Lunas
TRX-20260719-1041,2026-07-19,05:43,Depot Mie Pangsit 88,Langganan,Fillet Dada,31,59.06,43.59,15.47,0.738,48000,1299320,2092320,793000,Tempo_3H,Belum Lunas
TRX-20260719-1042,2026-07-19,05:11,Eceran Umum,Umum,Potong 4,2,4.04,2.93,1.11,0.726,35000,88880,102550,13670,Tunai,Lunas
TRX-20260719-1043,2026-07-19,05:18,Eceran Umum,Umum,Karkas Utuh,1,1.94,1.41,0.53,0.726,35000,42680,49350,6670,Tunai,Lunas
TRX-20260719-1044,2026-07-19,05:21,Bakso Solo Mas Mul,Langganan,Potong 4,13,29.04,21.61,7.43,0.744,35000,638880,756350,117470,Tempo_7H,Lunas
TRX-20260719-1045,2026-07-19,07:29,Depot Mie Pangsit 88,Langganan,Karkas Utuh,34,76.2,54.18,22.02,0.711,35000,1676400,1896300,219900,Tempo_3H,Belum Lunas
TRX-20260719-1046,2026-07-19,05:02,Warung Padang Roda Jaya,Langganan,Potong 8,24,47.52,35.02,12.5,0.737,36500,1045440,1278230,232790,Tempo_7H,Belum Lunas
TRX-20260719-1047,2026-07-19,09:50,Bakso Solo Mas Mul,Langganan,Potong 4,34,77.41,57.44,19.97,0.742,35000,1703020,2010400,307380,Tempo_7H,Belum Lunas
TRX-20260719-1048,2026-07-19,07:32,Eceran Umum,Umum,Fillet Dada,1,1.94,1.4,0.54,0.72,48000,42680,67200,24520,Tunai,Lunas
TRX-20260719-1049,2026-07-19,03:55,Depot Mie Pangsit 88,Langganan,Fillet Dada,16,32.29,24.12,8.17,0.747,48000,710380,1157760,447380,Tempo_3H,Belum Lunas
TRX-20260719-1050,2026-07-19,03:01,Bakso Solo Mas Mul,Langganan,Potong 8,5,11.34,8.53,2.81,0.752,36500,249480,311345,61865,Tempo_7H,Belum Lunas
TRX-20260719-1051,2026-07-19,05:24,Eceran Umum,Umum,Fillet Dada,2,3.43,2.6,0.83,0.757,48000,75460,124800,49340,Tunai,Lunas
TRX-20260719-1052,2026-07-19,04:37,Eceran Umum,Umum,Karkas Utuh,2,3.98,2.96,1.02,0.743,35000,87560,103600,16040,Tunai,Lunas
TRX-20260719-1053,2026-07-19,04:46,Ayam Geprek Sambal Bawang,Langganan,Potong 4,29,54.91,41.29,13.62,0.752,35000,1208020,1445150,237130,Tunai,Belum Lunas
TRX-20260719-1054,2026-07-19,04:34,Eceran Umum,Umum,Fillet Dada,1,1.82,1.31,0.51,0.72,48000,40040,62880,22840,Tunai,Lunas
TRX-20260719-1055,2026-07-19,07:38,Eceran Umum,Umum,Potong 12,1,1.95,1.47,0.48,0.753,36500,42900,53655,10755,Tunai,Lunas
TRX-20260719-1056,2026-07-19,03:50,Eceran Umum,Umum,Fillet Dada,1,1.98,1.49,0.49,0.751,48000,43560,71520,27960,Tunai,Lunas
TRX-20260719-1057,2026-07-19,07:39,Warung Nasi Sunda Ibu Imas,Langganan,Potong 8,19,34.58,26.25,8.33,0.759,36500,760760,958125,197365,Tempo_7H,Belum Lunas
TRX-20260719-1058,2026-07-19,06:09,Eceran Umum,Umum,Potong 4,2,3.99,2.92,1.07,0.732,35000,87780,102200,14420,Tunai,Lunas
TRX-20260719-1059,2026-07-19,04:43,Pecel Lele & Ayam Lamongan Cak Har,Langganan,Karkas Utuh,24,46.39,34.33,12.06,0.74,35000,1020580,1201550,180970,Tempo_3H,Belum Lunas
TRX-20260719-1060,2026-07-19,09:24,Eceran Umum,Umum,Potong 12,2,3.42,2.46,0.96,0.72,36500,75240,89790,14550,Tunai,Lunas
TRX-20260719-1061,2026-07-19,08:04,Warung Padang Roda Jaya,Langganan,Potong 4,23,46.96,34.52,12.44,0.735,35000,1033120,1208200,175080,Tempo_7H,Lunas
TRX-20260719-1062,2026-07-19,04:00,Pecel Lele & Ayam Lamongan Cak Har,Langganan,Potong 8,29,65.88,48.49,17.39,0.736,36500,1449360,1769885,320525,Tempo_3H,Belum Lunas
TRX-20260719-1063,2026-07-19,03:54,Bakso Solo Mas Mul,Langganan,Potong 4,12,24.59,17.66,6.93,0.718,35000,540980,618100,77120,Tempo_7H,Lunas
TRX-20260719-1064,2026-07-19,05:03,Eceran Umum,Umum,Campur,1,1.95,1.4,0.55,0.719,35000,42900,49000,6100,Tunai,Lunas
TRX-20260719-1065,2026-07-19,06:48,Depot Mie Pangsit 88,Langganan,Potong 8,11,21.65,16.19,5.46,0.748,36500,476299,590935,114636,Tempo_3H,Belum Lunas
TRX-20260719-1066,2026-07-19,06:23,Warung Padang Roda Jaya,Langganan,Potong 8,15,31.64,22.94,8.7,0.725,36500,696080,837310,141230,Tempo_7H,Lunas
TRX-20260719-1067,2026-07-19,08:27,Eceran Umum,Umum,Potong 8,1,1.88,1.39,0.49,0.74,36500,41360,50735,9375,Tunai,Lunas
TRX-20260720-1068,2026-07-20,04:05,Katering Berkah Ibu,Langganan,Karkas Utuh,25,57.48,43.68,13.8,0.76,35000,1264560,1528800,264240,Tempo_14H,Lunas
TRX-20260720-1069,2026-07-20,05:40,Eceran Umum,Umum,Potong 4,2,4.37,3.26,1.11,0.746,35000,96140,114099,17959,Tunai,Lunas
TRX-20260720-1070,2026-07-20,03:42,Eceran Umum,Umum,Karkas Utuh,2,4.19,3.04,1.15,0.726,35000,92180,106400,14220,Tunai,Lunas
TRX-20260720-1071,2026-07-20,03:27,Eceran Umum,Umum,Karkas Utuh,1,1.76,1.3,0.46,0.737,35000,38720,45500,6780,Tunai,Lunas
TRX-20260720-1072,2026-07-20,05:29,Ayam Geprek Sambal Bawang,Langganan,Fillet Dada,26,50.42,36.6,13.82,0.726,48000,1109240,1756800,647560,Tunai,Belum Lunas
TRX-20260720-1073,2026-07-20,05:05,Eceran Umum,Umum,Potong 8,1,1.94,1.45,0.49,0.747,36500,42680,52925,10245,Tunai,Lunas
TRX-20260720-1074,2026-07-20,06:06,Ayam Geprek Sambal Bawang,Langganan,Potong 12,30,68.19,48.89,19.3,0.717,36500,1500180,1784485,284305,Tunai,Belum Lunas
TRX-20260720-1075,2026-07-20,09:34,Eceran Umum,Umum,Potong 12,2,3.62,2.65,0.97,0.732,36500,79640,96725,17085,Tunai,Lunas
TRX-20260720-1076,2026-07-20,07:32,Depot Mie Pangsit 88,Langganan,Potong 4,25,56.13,40.64,15.49,0.724,35000,1234860,1422400,187540,Tempo_3H,Belum Lunas
TRX-20260720-1077,2026-07-20,05:51,Warung Padang Roda Jaya,Langganan,Potong 4,24,51.96,37.98,13.98,0.731,35000,1143120,1329300,186180,Tempo_7H,Belum Lunas
TRX-20260720-1078,2026-07-20,06:58,Katering Berkah Ibu,Langganan,Potong 12,31,62.9,45.48,17.42,0.723,36500,1383800,1660020,276220,Tempo_14H,Lunas
TRX-20260720-1079,2026-07-20,08:18,Warung Padang Roda Jaya,Langganan,Fillet Dada,30,55.45,40.7,14.75,0.734,48000,1219900,1953600,733700,Tempo_7H,Belum Lunas
TRX-20260720-1080,2026-07-20,04:41,Bakso Solo Mas Mul,Langganan,Potong 4,8,16.04,12.01,4.03,0.749,35000,352880,420350,67470,Tempo_7H,Belum Lunas
TRX-20260720-1081,2026-07-20,08:46,Eceran Umum,Umum,Karkas Utuh,1,1.95,1.44,0.51,0.74,35000,42900,50400,7500,Tunai,Lunas
TRX-20260720-1082,2026-07-20,05:53,Depot Mie Pangsit 88,Langganan,Fillet Dada,20,44.13,32.52,11.61,0.737,48000,970860,1560960,590100,Tempo_3H,Lunas
TRX-20260720-1083,2026-07-20,09:49,Bakso Solo Mas Mul,Langganan,Potong 12,19,35.49,26.12,9.37,0.736,36500,780780,953380,172600,Tempo_7H,Lunas
TRX-20260721-1084,2026-07-21,05:30,Eceran Umum,Umum,Potong 8,1,1.91,1.45,0.46,0.757,36500,42020,52925,10905,Tunai,Lunas
TRX-20260721-1085,2026-07-21,08:44,Ayam Geprek Sambal Bawang,Langganan,Potong 8,10,21.91,15.67,6.24,0.715,36500,482020,571955,89935,Tunai,Lunas
TRX-20260721-1086,2026-07-21,03:46,Eceran Umum,Umum,Campur,2,3.84,2.83,1.01,0.737,35000,84480,99050,14570,Tunai,Lunas
TRX-20260721-1087,2026-07-21,04:28,Warung Nasi Sunda Ibu Imas,Langganan,Fillet Dada,8,16.68,12.13,4.55,0.727,48000,366960,582240,215280,Tempo_7H,Belum Lunas
TRX-20260721-1088,2026-07-21,07:09,Eceran Umum,Umum,Potong 8,1,1.88,1.35,0.53,0.717,36500,41360,49275,7915,Tunai,Lunas
TRX-20260721-1089,2026-07-21,03:24,Katering Berkah Ibu,Langganan,Potong 8,28,61.31,43.59,17.72,0.711,36500,1348820,1591035,242215,Tempo_14H,Belum Lunas
TRX-20260721-1090,2026-07-21,07:29,Katering Berkah Ibu,Langganan,Potong 12,19,35.75,26.85,8.9,0.751,36500,786500,980025,193525,Tempo_14H,Belum Lunas
TRX-20260721-1091,2026-07-21,04:21,Ayam Geprek Sambal Bawang,Langganan,Potong 12,31,64.36,45.89,18.47,0.713,36500,1415920,1674985,259065,Tunai,Lunas
TRX-20260721-1092,2026-07-21,05:10,Bakso Solo Mas Mul,Langganan,Potong 4,5,10.67,7.58,3.09,0.71,35000,234740,265300,30560,Tempo_7H,Belum Lunas
TRX-20260721-1093,2026-07-21,04:49,Eceran Umum,Umum,Potong 8,2,3.75,2.72,1.03,0.726,36500,82500,99280,16780,Tunai,Lunas
TRX-20260721-1094,2026-07-21,06:06,Warung Nasi Sunda Ibu Imas,Langganan,Karkas Utuh,14,31.33,22.71,8.62,0.725,35000,689260,794850,105590,Tempo_7H,Lunas
TRX-20260721-1095,2026-07-21,06:37,Bakso Solo Mas Mul,Langganan,Karkas Utuh,17,31.79,23.56,8.23,0.741,35000,699380,824600,125220,Tempo_7H,Lunas
TRX-20260721-1096,2026-07-21,05:07,Warung Padang Roda Jaya,Langganan,Campur,28,62.19,46.39,15.8,0.746,35000,1368180,1623650,255470,Tempo_7H,Lunas
TRX-20260721-1097,2026-07-21,05:31,Eceran Umum,Umum,Potong 8,1,1.78,1.31,0.47,0.734,36500,39160,47815,8655,Tunai,Lunas
TRX-20260721-1098,2026-07-21,06:55,Eceran Umum,Umum,Potong 12,2,3.67,2.77,0.9,0.754,36500,80740,101105,20365,Tunai,Lunas
TRX-20260721-1099,2026-07-21,08:02,Eceran Umum,Umum,Potong 12,2,4.19,2.98,1.21,0.712,36500,92180,108770,16590,Tunai,Lunas
TRX-20260721-1100,2026-07-21,05:15,Warung Nasi Sunda Ibu Imas,Langganan,Potong 4,24,44.0,33.4,10.6,0.759,35000,968000,1169000,201000,Tempo_7H,Lunas
TRX-20260721-1101,2026-07-21,05:23,Katering Berkah Ibu,Langganan,Fillet Dada,16,33.06,24.27,8.79,0.734,48000,727320,1164960,437640,Tempo_14H,Belum Lunas
TRX-20260721-1102,2026-07-21,04:09,Eceran Umum,Umum,Potong 12,1,1.79,1.32,0.47,0.739,36500,39380,48180,8800,Tunai,Lunas
TRX-20260721-1103,2026-07-21,08:44,Eceran Umum,Umum,Karkas Utuh,1,1.88,1.36,0.52,0.722,35000,41360,47600,6240,Tunai,Lunas
TRX-20260721-1104,2026-07-21,04:54,Eceran Umum,Umum,Campur,1,2.17,1.58,0.59,0.73,35000,47740,55300,7560,Tunai,Lunas
TRX-20260721-1105,2026-07-21,05:44,Katering Berkah Ibu,Langganan,Karkas Utuh,7,14.19,10.42,3.77,0.734,35000,312180,364700,52520,Tempo_14H,Belum Lunas
TRX-20260721-1106,2026-07-21,04:48,Warung Nasi Sunda Ibu Imas,Langganan,Karkas Utuh,20,41.44,29.75,11.69,0.718,35000,911680,1041250,129570,Tempo_7H,Belum Lunas
TRX-20260722-1107,2026-07-22,04:57,Warung Nasi Sunda Ibu Imas,Langganan,Potong 4,32,64.86,47.8,17.06,0.737,35000,1426920,1673000,246080,Tempo_7H,Belum Lunas
TRX-20260722-1108,2026-07-22,04:08,Warung Padang Roda Jaya,Langganan,Potong 8,33,61.14,45.55,15.59,0.745,36500,1345080,1662575,317495,Tempo_7H,Belum Lunas
TRX-20260722-1109,2026-07-22,05:12,Eceran Umum,Umum,Karkas Utuh,1,1.78,1.3,0.48,0.728,35000,39160,45500,6340,Tunai,Lunas
TRX-20260722-1110,2026-07-22,06:18,Eceran Umum,Umum,Potong 8,2,4.18,3.14,1.04,0.752,36500,91960,114610,22650,Tunai,Lunas
TRX-20260722-1111,2026-07-22,06:30,Depot Mie Pangsit 88,Langganan,Karkas Utuh,20,36.24,26.35,9.89,0.727,35000,797280,922250,124970,Tempo_3H,Belum Lunas
TRX-20260722-1112,2026-07-22,04:45,Eceran Umum,Umum,Potong 8,2,4.14,3.11,1.03,0.751,36500,91080,113515,22435,Tunai,Lunas
TRX-20260722-1113,2026-07-22,03:42,Eceran Umum,Umum,Potong 4,2,4.03,2.89,1.14,0.718,35000,88660,101150,12490,Tunai,Lunas
TRX-20260722-1114,2026-07-22,05:42,Warung Padang Roda Jaya,Langganan,Potong 4,8,16.38,11.91,4.47,0.727,35000,360360,416850,56490,Tempo_7H,Lunas
TRX-20260722-1115,2026-07-22,05:44,Eceran Umum,Umum,Potong 4,1,1.85,1.38,0.47,0.744,35000,40700,48299,7599,Tunai,Lunas
TRX-20260722-1116,2026-07-22,04:48,Ayam Geprek Sambal Bawang,Langganan,Karkas Utuh,14,29.51,21.6,7.91,0.732,35000,649220,756000,106780,Tunai,Lunas
TRX-20260722-1117,2026-07-22,03:52,Katering Berkah Ibu,Langganan,Potong 4,21,45.51,32.45,13.06,0.713,35000,1001220,1135750,134530,Tempo_14H,Belum Lunas
TRX-20260722-1118,2026-07-22,04:52,Bakso Solo Mas Mul,Langganan,Potong 8,31,56.16,42.4,13.76,0.755,36500,1235520,1547600,312080,Tempo_7H,Lunas
TRX-20260722-1119,2026-07-22,04:28,Eceran Umum,Umum,Potong 12,2,3.85,2.88,0.97,0.748,36500,84700,105120,20420,Tunai,Lunas
TRX-20260722-1120,2026-07-22,07:22,Warung Nasi Sunda Ibu Imas,Langganan,Potong 8,27,50.87,38.25,12.62,0.752,36500,1119140,1396125,276985,Tempo_7H,Lunas
TRX-20260722-1121,2026-07-22,05:37,Ayam Geprek Sambal Bawang,Langganan,Potong 12,13,24.01,17.41,6.6,0.725,36500,528220,635465,107245,Tunai,Belum Lunas
TRX-20260723-1122,2026-07-23,04:48,Eceran Umum,Umum,Fillet Dada,1,2.16,1.57,0.59,0.728,48000,47520,75360,27840,Tunai,Lunas
TRX-20260723-1123,2026-07-23,04:48,Eceran Umum,Umum,Fillet Dada,1,2.01,1.46,0.55,0.727,48000,44219,70080,25861,Tunai,Lunas
TRX-20260723-1124,2026-07-23,03:15,Pecel Lele & Ayam Lamongan Cak Har,Langganan,Karkas Utuh,20,39.98,29.39,10.59,0.735,35000,879559,1028650,149091,Tempo_3H,Belum Lunas
TRX-20260723-1125,2026-07-23,08:02,Eceran Umum,Umum,Karkas Utuh,2,3.54,2.59,0.95,0.732,35000,77880,90650,12770,Tunai,Lunas
TRX-20260723-1126,2026-07-23,05:32,Warung Padang Roda Jaya,Langganan,Fillet Dada,28,63.86,47.26,16.6,0.74,48000,1404920,2268480,863560,Tempo_7H,Belum Lunas
TRX-20260723-1127,2026-07-23,04:22,Eceran Umum,Umum,Potong 8,2,3.61,2.67,0.94,0.74,36500,79420,97455,18035,Tunai,Lunas
TRX-20260723-1128,2026-07-23,08:07,Warung Padang Roda Jaya,Langganan,Potong 8,8,17.73,12.69,5.04,0.716,36500,390060,463185,73125,Tempo_7H,Lunas
TRX-20260723-1129,2026-07-23,09:03,Depot Mie Pangsit 88,Langganan,Potong 4,30,62.42,44.88,17.54,0.719,35000,1373240,1570800,197560,Tempo_3H,Lunas
TRX-20260723-1130,2026-07-23,09:25,Warung Padang Roda Jaya,Langganan,Potong 12,34,66.94,49.33,17.61,0.737,36500,1472680,1800545,327865,Tempo_7H,Belum Lunas
TRX-20260723-1131,2026-07-23,04:25,Pecel Lele & Ayam Lamongan Cak Har,Langganan,Potong 8,23,52.43,39.69,12.74,0.757,36500,1153460,1448685,295225,Tempo_3H,Belum Lunas
TRX-20260723-1132,2026-07-23,04:08,Bakso Solo Mas Mul,Langganan,Potong 12,11,21.3,15.53,5.77,0.729,36500,468600,566845,98245,Tempo_7H,Belum Lunas
TRX-20260723-1133,2026-07-23,05:20,Eceran Umum,Umum,Fillet Dada,2,4.23,3.18,1.05,0.752,48000,93060,152640,59580,Tunai,Lunas
TRX-20260723-1134,2026-07-23,08:18,Eceran Umum,Umum,Potong 8,2,4.15,3.15,1.0,0.758,36500,91300,114975,23675,Tunai,Lunas
TRX-20260723-1135,2026-07-23,04:03,Warung Padang Roda Jaya,Langganan,Fillet Dada,7,12.97,9.58,3.39,0.739,48000,285340,459840,174500,Tempo_7H,Belum Lunas
TRX-20260723-1136,2026-07-23,05:36,Pecel Lele & Ayam Lamongan Cak Har,Langganan,Potong 8,5,10.36,7.48,2.88,0.722,36500,227920,273020,45100,Tempo_3H,Belum Lunas
TRX-20260723-1137,2026-07-23,03:36,Pecel Lele & Ayam Lamongan Cak Har,Langganan,Karkas Utuh,5,9.73,7.1,2.63,0.73,35000,214060,248500,34440,Tempo_3H,Belum Lunas
TRX-20260723-1138,2026-07-23,04:59,Pecel Lele & Ayam Lamongan Cak Har,Langganan,Karkas Utuh,23,52.34,38.78,13.56,0.741,35000,1151480,1357300,205820,Tempo_3H,Belum Lunas
TRX-20260723-1139,2026-07-23,05:03,Eceran Umum,Umum,Potong 8,1,1.94,1.44,0.5,0.742,36500,42680,52560,9880,Tunai,Lunas
TRX-20260724-1140,2026-07-24,04:08,Katering Berkah Ibu,Langganan,Potong 12,31,64.09,47.68,16.41,0.744,36500,1409980,1740320,330340,Tempo_14H,Belum Lunas
TRX-20260724-1141,2026-07-24,05:00,Bakso Solo Mas Mul,Langganan,Potong 8,13,28.86,21.53,7.33,0.746,36500,634920,785845,150925,Tempo_7H,Belum Lunas
TRX-20260724-1142,2026-07-24,10:07,Eceran Umum,Umum,Karkas Utuh,1,2.07,1.5,0.57,0.725,35000,45540,52500,6960,Tunai,Lunas
TRX-20260724-1143,2026-07-24,07:30,Eceran Umum,Umum,Campur,2,4.24,3.19,1.05,0.752,35000,93280,111650,18370,Tunai,Lunas
TRX-20260724-1144,2026-07-24,08:40,Bakso Solo Mas Mul,Langganan,Potong 4,15,29.22,22.03,7.19,0.754,35000,642840,771050,128210,Tempo_7H,Belum Lunas
TRX-20260724-1145,2026-07-24,03:28,Warung Padang Roda Jaya,Langganan,Potong 4,21,47.53,36.03,11.5,0.758,35000,1045660,1261050,215390,Tempo_7H,Lunas
TRX-20260724-1146,2026-07-24,03:02,Katering Berkah Ibu,Langganan,Potong 12,29,62.08,45.26,16.82,0.729,36500,1365760,1651990,286230,Tempo_14H,Lunas
TRX-20260724-1147,2026-07-24,03:26,Eceran Umum,Umum,Potong 8,1,1.96,1.48,0.48,0.754,36500,43120,54020,10900,Tunai,Lunas
TRX-20260724-1148,2026-07-24,08:38,Pecel Lele & Ayam Lamongan Cak Har,Langganan,Potong 4,17,31.69,23.39,8.3,0.738,35000,697180,818650,121470,Tempo_3H,Belum Lunas
TRX-20260724-1149,2026-07-24,03:54,Warung Nasi Sunda Ibu Imas,Langganan,Potong 4,33,71.87,53.33,18.54,0.742,35000,1581140,1866550,285410,Tempo_7H,Lunas
TRX-20260724-1150,2026-07-24,06:31,Warung Padang Roda Jaya,Langganan,Karkas Utuh,25,56.13,41.42,14.71,0.738,35000,1234860,1449700,214840,Tempo_7H,Belum Lunas
TRX-20260724-1151,2026-07-24,04:52,Pecel Lele & Ayam Lamongan Cak Har,Langganan,Potong 12,33,61.98,46.61,15.37,0.752,36500,1363560,1701265,337705,Tempo_3H,Belum Lunas
TRX-20260724-1152,2026-07-24,04:29,Pecel Lele & Ayam Lamongan Cak Har,Langganan,Potong 4,29,52.66,39.28,13.38,0.746,35000,1158520,1374800,216280,Tempo_3H,Belum Lunas
TRX-20260724-1153,2026-07-24,07:31,Eceran Umum,Umum,Potong 8,2,4.37,3.32,1.05,0.759,36500,96140,121180,25040,Tunai,Lunas
TRX-20260724-1154,2026-07-24,09:32,Warung Padang Roda Jaya,Langganan,Campur,17,32.87,24.85,8.02,0.756,35000,723140,869750,146610,Tempo_7H,Lunas
TRX-20260725-1155,2026-07-25,05:28,Depot Mie Pangsit 88,Langganan,Potong 8,22,47.82,34.72,13.1,0.726,36500,1052040,1267280,215240,Tempo_3H,Belum Lunas
TRX-20260725-1156,2026-07-25,03:56,Pecel Lele & Ayam Lamongan Cak Har,Langganan,Karkas Utuh,7,14.68,11.11,3.57,0.757,35000,322960,388850,65890,Tempo_3H,Belum Lunas
TRX-20260725-1157,2026-07-25,06:35,Eceran Umum,Umum,Potong 4,1,2.2,1.65,0.55,0.748,35000,48400,57750,9350,Tunai,Lunas
TRX-20260725-1158,2026-07-25,04:03,Katering Berkah Ibu,Langganan,Fillet Dada,23,47.77,35.73,12.04,0.748,48000,1050940,1715039,664099,Tempo_14H,Belum Lunas
TRX-20260725-1159,2026-07-25,03:13,Pecel Lele & Ayam Lamongan Cak Har,Langganan,Potong 8,18,36.43,26.01,10.42,0.714,36500,801460,949365,147905,Tempo_3H,Belum Lunas
TRX-20260725-1160,2026-07-25,08:44,Eceran Umum,Umum,Potong 12,1,1.98,1.5,0.48,0.757,36500,43560,54750,11190,Tunai,Lunas
TRX-20260725-1161,2026-07-25,06:28,Eceran Umum,Umum,Campur,2,3.5,2.56,0.94,0.731,35000,77000,89600,12600,Tunai,Lunas
TRX-20260725-1162,2026-07-25,05:07,Warung Nasi Sunda Ibu Imas,Langganan,Karkas Utuh,15,27.01,20.28,6.73,0.751,35000,594220,709800,115580,Tempo_7H,Lunas
TRX-20260725-1163,2026-07-25,08:58,Katering Berkah Ibu,Langganan,Potong 12,12,22.07,16.33,5.74,0.74,36500,485540,596044,110504,Tempo_14H,Lunas
TRX-20260725-1164,2026-07-25,04:31,Bakso Solo Mas Mul,Langganan,Potong 4,6,11.31,8.45,2.86,0.747,35000,248820,295750,46930,Tempo_7H,Belum Lunas
TRX-20260725-1165,2026-07-25,03:08,Katering Berkah Ibu,Langganan,Fillet Dada,32,65.91,48.64,17.27,0.738,48000,1450020,2334720,884700,Tempo_14H,Belum Lunas
TRX-20260725-1166,2026-07-25,06:17,Warung Nasi Sunda Ibu Imas,Langganan,Karkas Utuh,19,34.97,25.84,9.13,0.739,35000,769340,904400,135060,Tempo_7H,Belum Lunas
TRX-20260725-1167,2026-07-25,10:49,Ayam Geprek Sambal Bawang,Langganan,Potong 4,27,59.95,44.48,15.47,0.742,35000,1318900,1556800,237900,Tunai,Belum Lunas
TRX-20260725-1168,2026-07-25,08:28,Warung Padang Roda Jaya,Langganan,Potong 4,30,57.45,42.92,14.53,0.747,35000,1263900,1502200,238300,Tempo_7H,Belum Lunas
TRX-20260725-1169,2026-07-25,05:09,Bakso Solo Mas Mul,Langganan,Potong 8,12,23.33,17.31,6.02,0.742,36500,513259,631815,118556,Tempo_7H,Belum Lunas
TRX-20260725-1170,2026-07-25,04:45,Eceran Umum,Umum,Campur,1,2.04,1.49,0.55,0.73,35000,44880,52150,7270,Tunai,Lunas
TRX-20260725-1171,2026-07-25,09:41,Eceran Umum,Umum,Potong 12,2,3.6,2.58,1.02,0.717,36500,79200,94170,14970,Tunai,Lunas
TRX-20260725-1172,2026-07-25,06:22,Pecel Lele & Ayam Lamongan Cak Har,Langganan,Potong 4,20,44.01,32.26,11.75,0.733,35000,968220,1129100,160880,Tempo_3H,Belum Lunas
TRX-20260725-1173,2026-07-25,04:30,Eceran Umum,Umum,Potong 12,2,3.91,2.94,0.97,0.752,36500,86020,107310,21290,Tunai,Lunas
TRX-20260725-1174,2026-07-25,05:50,Eceran Umum,Umum,Karkas Utuh,1,1.93,1.41,0.52,0.728,35000,42460,49350,6890,Tunai,Lunas
TRX-20260725-1175,2026-07-25,06:38,Depot Mie Pangsit 88,Langganan,Campur,15,31.73,24.05,7.68,0.758,35000,698060,841750,143690,Tempo_3H,Belum Lunas
TRX-20260725-1176,2026-07-25,05:34,Bakso Solo Mas Mul,Langganan,Fillet Dada,7,13.24,9.69,3.55,0.732,48000,291280,465120,173840,Tempo_7H,Belum Lunas
TRX-20260725-1177,2026-07-25,03:30,Eceran Umum,Umum,Potong 4,2,3.93,2.92,1.01,0.743,35000,86460,102200,15740,Tunai,Lunas
TRX-20260725-1178,2026-07-25,08:16,Eceran Umum,Umum,Potong 8,1,1.98,1.45,0.53,0.732,36500,43560,52925,9365,Tunai,Lunas
TRX-20260725-1179,2026-07-25,05:46,Eceran Umum,Umum,Fillet Dada,2,4.23,3.11,1.12,0.735,48000,93060,149280,56220,Tunai,Lunas
TRX-20260726-1180,2026-07-26,03:41,Ayam Geprek Sambal Bawang,Langganan,Potong 12,19,42.15,31.02,11.13,0.736,36500,927300,1132230,204930,Tunai,Lunas
TRX-20260726-1181,2026-07-26,05:39,Depot Mie Pangsit 88,Langganan,Karkas Utuh,15,30.07,21.77,8.3,0.724,35000,661540,761950,100410,Tempo_3H,Lunas
TRX-20260726-1182,2026-07-26,05:27,Depot Mie Pangsit 88,Langganan,Campur,14,28.21,21.41,6.8,0.759,35000,620620,749350,128730,Tempo_3H,Belum Lunas
TRX-20260726-1183,2026-07-26,07:06,Depot Mie Pangsit 88,Langganan,Campur,7,14.74,11.11,3.63,0.754,35000,324280,388850,64570,Tempo_3H,Lunas
TRX-20260726-1184,2026-07-26,04:56,Eceran Umum,Umum,Karkas Utuh,2,4.15,2.97,1.18,0.715,35000,91300,103950,12650,Tunai,Lunas
TRX-20260726-1185,2026-07-26,05:12,Warung Padang Roda Jaya,Langganan,Fillet Dada,20,39.84,30.16,9.68,0.757,48000,876480,1447680,571200,Tempo_7H,Belum Lunas
TRX-20260726-1186,2026-07-26,07:26,Depot Mie Pangsit 88,Langganan,Fillet Dada,24,51.69,37.94,13.75,0.734,48000,1137180,1821120,683940,Tempo_3H,Belum Lunas
TRX-20260726-1187,2026-07-26,04:20,Warung Nasi Sunda Ibu Imas,Langganan,Fillet Dada,14,27.47,20.58,6.89,0.749,48000,604340,987839,383499,Tempo_7H,Belum Lunas
TRX-20260726-1188,2026-07-26,03:28,Warung Padang Roda Jaya,Langganan,Karkas Utuh,29,63.96,45.67,18.29,0.714,35000,1407120,1598450,191330,Tempo_7H,Belum Lunas
TRX-20260726-1189,2026-07-26,06:14,Katering Berkah Ibu,Langganan,Karkas Utuh,5,10.52,7.87,2.65,0.748,35000,231440,275450,44010,Tempo_14H,Belum Lunas
TRX-20260726-1190,2026-07-26,06:37,Warung Padang Roda Jaya,Langganan,Potong 12,16,36.58,26.04,10.54,0.712,36500,804760,950460,145700,Tempo_7H,Belum Lunas
TRX-20260726-1191,2026-07-26,06:49,Eceran Umum,Umum,Fillet Dada,1,1.75,1.25,0.5,0.715,48000,38500,60000,21500,Tunai,Lunas
TRX-20260726-1192,2026-07-26,04:59,Bakso Solo Mas Mul,Langganan,Potong 4,10,20.23,14.48,5.75,0.716,35000,445060,506800,61740,Tempo_7H,Belum Lunas
TRX-20260726-1193,2026-07-26,08:23,Warung Nasi Sunda Ibu Imas,Langganan,Potong 4,14,29.73,21.41,8.32,0.72,35000,654060,749350,95290,Tempo_7H,Lunas
TRX-20260726-1194,2026-07-26,09:43,Ayam Geprek Sambal Bawang,Langganan,Potong 12,27,57.56,41.85,15.71,0.727,36500,1266320,1527525,261205,Tunai,Lunas
TRX-20260726-1195,2026-07-26,06:37,Eceran Umum,Umum,Fillet Dada,1,2.16,1.63,0.53,0.754,48000,47520,78240,30720,Tunai,Lunas
TRX-20260726-1196,2026-07-26,04:06,Warung Nasi Sunda Ibu Imas,Langganan,Potong 8,28,52.21,38.27,13.94,0.733,36500,1148620,1396855,248235,Tempo_7H,Belum Lunas
TRX-20260726-1197,2026-07-26,04:29,Eceran Umum,Umum,Potong 12,1,2.15,1.63,0.52,0.759,36500,47300,59494,12194,Tunai,Lunas
TRX-20260726-1198,2026-07-26,03:58,Katering Berkah Ibu,Langganan,Karkas Utuh,11,20.65,15.61,5.04,0.756,35000,454299,546350,92051,Tempo_14H,Belum Lunas
TRX-20260726-1199,2026-07-26,06:04,Bakso Solo Mas Mul,Langganan,Potong 4,31,62.73,45.48,17.25,0.725,35000,1380060,1591800,211740,Tempo_7H,Belum Lunas
TRX-20260726-1200,2026-07-26,07:53,Eceran Umum,Umum,Potong 12,1,2.03,1.46,0.57,0.721,36500,44659,53290,8631,Tunai,Lunas
TRX-20260726-1201,2026-07-26,04:40,Eceran Umum,Umum,Campur,1,1.8,1.32,0.48,0.733,35000,39600,46200,6600,Tunai,Lunas
TRX-20260726-1202,2026-07-26,03:29,Ayam Geprek Sambal Bawang,Langganan,Potong 4,15,27.72,20.96,6.76,0.756,35000,609840,733600,123760,Tunai,Belum Lunas
TRX-20260726-1203,2026-07-26,07:44,Eceran Umum,Umum,Karkas Utuh,1,1.72,1.29,0.43,0.752,35000,37840,45150,7310,Tunai,Lunas
TRX-20260726-1204,2026-07-26,06:34,Eceran Umum,Umum,Potong 8,2,4.17,3.06,1.11,0.734,36500,91740,111690,19950,Tunai,Lunas
TRX-20260726-1205,2026-07-26,05:20,Depot Mie Pangsit 88,Langganan,Potong 4,27,59.96,44.97,14.99,0.75,35000,1319120,1573950,254830,Tempo_3H,Belum Lunas
TRX-20260726-1206,2026-07-26,05:36,Eceran Umum,Umum,Karkas Utuh,1,1.96,1.47,0.49,0.75,35000,43120,51450,8330,Tunai,Lunas
TRX-20260726-1207,2026-07-26,06:41,Eceran Umum,Umum,Fillet Dada,1,2.1,1.5,0.6,0.715,48000,46200,72000,25800,Tunai,Lunas
TRX-20260727-1208,2026-07-27,07:26,Eceran Umum,Umum,Campur,1,1.93,1.46,0.47,0.757,35000,42460,51100,8640,Tunai,Lunas
TRX-20260727-1209,2026-07-27,03:32,Ayam Geprek Sambal Bawang,Langganan,Karkas Utuh,19,36.78,27.0,9.78,0.734,35000,809160,945000,135840,Tunai,Belum Lunas
TRX-20260727-1210,2026-07-27,03:56,Eceran Umum,Umum,Campur,2,4.05,3.03,1.02,0.749,35000,89100,106050,16950,Tunai,Lunas
TRX-20260727-1211,2026-07-27,04:04,Eceran Umum,Umum,Potong 8,2,4.26,3.05,1.21,0.716,36500,93720,111325,17605,Tunai,Lunas
TRX-20260727-1212,2026-07-27,04:20,Eceran Umum,Umum,Campur,1,1.7,1.23,0.47,0.722,35000,37400,43050,5650,Tunai,Lunas
TRX-20260727-1213,2026-07-27,04:22,Pecel Lele & Ayam Lamongan Cak Har,Langganan,Potong 8,6,12.95,9.23,3.72,0.713,36500,284900,336895,51995,Tempo_3H,Belum Lunas
TRX-20260727-1214,2026-07-27,05:59,Eceran Umum,Umum,Potong 8,1,2.17,1.64,0.53,0.758,36500,47740,59860,12120,Tunai,Lunas
TRX-20260727-1215,2026-07-27,07:49,Eceran Umum,Umum,Karkas Utuh,2,3.85,2.84,1.01,0.737,35000,84700,99400,14700,Tunai,Lunas
TRX-20260727-1216,2026-07-27,08:15,Eceran Umum,Umum,Fillet Dada,2,3.77,2.72,1.05,0.722,48000,82940,130560,47620,Tunai,Lunas
TRX-20260727-1217,2026-07-27,03:23,Depot Mie Pangsit 88,Langganan,Campur,24,48.11,35.94,12.17,0.747,35000,1058420,1257900,199480,Tempo_3H,Lunas
TRX-20260727-1218,2026-07-27,07:11,Eceran Umum,Umum,Potong 8,2,4.35,3.29,1.06,0.756,36500,95699,120085,24386,Tunai,Lunas
TRX-20260727-1219,2026-07-27,05:35,Warung Nasi Sunda Ibu Imas,Langganan,Potong 12,25,53.56,38.35,15.21,0.716,36500,1178320,1399775,221455,Tempo_7H,Belum Lunas
TRX-20260727-1220,2026-07-27,05:03,Eceran Umum,Umum,Potong 4,1,1.86,1.4,0.46,0.751,35000,40920,49000,8080,Tunai,Lunas
TRX-20260727-1221,2026-07-27,07:22,Depot Mie Pangsit 88,Langganan,Potong 12,15,34.39,24.45,9.94,0.711,36500,756580,892425,135845,Tempo_3H,Belum Lunas
TRX-20260727-1222,2026-07-27,04:56,Eceran Umum,Umum,Fillet Dada,1,1.96,1.45,0.51,0.738,48000,43120,69600,26480,Tunai,Lunas
TRX-20260727-1223,2026-07-27,05:51,Depot Mie Pangsit 88,Langganan,Potong 12,9,17.6,13.04,4.56,0.741,36500,387200,475959,88759,Tempo_3H,Belum Lunas
TRX-20260728-1224,2026-07-28,05:04,Eceran Umum,Umum,Karkas Utuh,1,1.85,1.39,0.46,0.749,35000,40700,48650,7950,Tunai,Lunas
TRX-20260728-1225,2026-07-28,04:49,Eceran Umum,Umum,Fillet Dada,2,4.3,3.07,1.23,0.715,48000,94600,147360,52760,Tunai,Lunas
TRX-20260728-1226,2026-07-28,05:33,Bakso Solo Mas Mul,Langganan,Potong 8,15,32.08,23.71,8.37,0.739,36500,705760,865415,159655,Tempo_7H,Belum Lunas
TRX-20260728-1227,2026-07-28,06:16,Warung Padang Roda Jaya,Langganan,Potong 4,11,19.91,14.93,4.98,0.75,35000,438020,522550,84530,Tempo_7H,Lunas
TRX-20260728-1228,2026-07-28,06:27,Warung Nasi Sunda Ibu Imas,Langganan,Fillet Dada,12,23.04,17.12,5.92,0.743,48000,506880,821760,314880,Tempo_7H,Belum Lunas
TRX-20260728-1229,2026-07-28,04:42,Warung Nasi Sunda Ibu Imas,Langganan,Karkas Utuh,29,64.79,46.97,17.82,0.725,35000,1425380,1643950,218570,Tempo_7H,Lunas
TRX-20260728-1230,2026-07-28,04:11,Eceran Umum,Umum,Karkas Utuh,1,1.8,1.31,0.49,0.727,35000,39600,45850,6250,Tunai,Lunas
TRX-20260728-1231,2026-07-28,03:05,Eceran Umum,Umum,Potong 8,1,1.76,1.27,0.49,0.722,36500,38720,46355,7635,Tunai,Lunas
TRX-20260728-1232,2026-07-28,07:12,Eceran Umum,Umum,Potong 4,2,3.97,2.95,1.02,0.744,35000,87340,103250,15910,Tunai,Lunas
TRX-20260728-1233,2026-07-28,09:36,Eceran Umum,Umum,Potong 4,1,2.09,1.53,0.56,0.732,35000,45980,53550,7570,Tunai,Lunas
TRX-20260728-1234,2026-07-28,05:38,Warung Nasi Sunda Ibu Imas,Langganan,Karkas Utuh,24,54.97,41.56,13.41,0.756,35000,1209340,1454600,245260,Tempo_7H,Belum Lunas
TRX-20260728-1235,2026-07-28,04:25,Bakso Solo Mas Mul,Langganan,Potong 8,30,68.68,51.24,17.44,0.746,36500,1510960,1870260,359300,Tempo_7H,Belum Lunas
TRX-20260728-1236,2026-07-28,03:44,Pecel Lele & Ayam Lamongan Cak Har,Langganan,Fillet Dada,5,9.42,6.96,2.46,0.739,48000,207240,334080,126840,Tempo_3H,Belum Lunas
TRX-20260728-1237,2026-07-28,05:51,Bakso Solo Mas Mul,Langganan,Potong 4,25,51.58,37.45,14.13,0.726,35000,1134760,1310750,175990,Tempo_7H,Lunas
TRX-20260728-1238,2026-07-28,04:04,Eceran Umum,Umum,Karkas Utuh,2,3.55,2.65,0.9,0.746,35000,78100,92750,14650,Tunai,Lunas
TRX-20260728-1239,2026-07-28,03:12,Katering Berkah Ibu,Langganan,Potong 8,19,40.56,29.24,11.32,0.721,36500,892320,1067260,174940,Tempo_14H,Belum Lunas
TRX-20260728-1240,2026-07-28,07:59,Ayam Geprek Sambal Bawang,Langganan,Fillet Dada,34,61.38,45.48,15.9,0.741,48000,1350360,2183040,832680,Tunai,Belum Lunas
TRX-20260729-1241,2026-07-29,03:07,Eceran Umum,Umum,Fillet Dada,2,3.9,2.86,1.04,0.734,48000,85800,137280,51480,Tunai,Lunas
TRX-20260729-1242,2026-07-29,03:18,Ayam Geprek Sambal Bawang,Langganan,Karkas Utuh,11,23.13,16.98,6.15,0.734,35000,508860,594300,85440,Tunai,Belum Lunas
TRX-20260729-1243,2026-07-29,07:10,Eceran Umum,Umum,Karkas Utuh,2,4.29,3.18,1.11,0.742,35000,94380,111300,16920,Tunai,Lunas
TRX-20260729-1244,2026-07-29,03:16,Eceran Umum,Umum,Potong 8,1,1.79,1.29,0.5,0.721,36500,39380,47085,7705,Tunai,Lunas
TRX-20260729-1245,2026-07-29,06:05,Eceran Umum,Umum,Potong 8,1,1.76,1.33,0.43,0.755,36500,38720,48545,9825,Tunai,Lunas
TRX-20260729-1246,2026-07-29,08:20,Katering Berkah Ibu,Langganan,Campur,22,48.23,34.48,13.75,0.715,35000,1061060,1206800,145740,Tempo_14H,Belum Lunas
TRX-20260729-1247,2026-07-29,07:39,Pecel Lele & Ayam Lamongan Cak Har,Langganan,Potong 12,22,48.71,36.48,12.23,0.749,36500,1071620,1331520,259900,Tempo_3H,Belum Lunas
TRX-20260729-1248,2026-07-29,04:11,Bakso Solo Mas Mul,Langganan,Potong 8,26,49.12,35.71,13.41,0.727,36500,1080640,1303415,222775,Tempo_7H,Belum Lunas
TRX-20260729-1249,2026-07-29,05:17,Warung Padang Roda Jaya,Langganan,Potong 12,30,63.08,46.05,17.03,0.73,36500,1387760,1680825,293065,Tempo_7H,Belum Lunas
TRX-20260729-1250,2026-07-29,06:43,Ayam Geprek Sambal Bawang,Langganan,Karkas Utuh,24,44.77,33.35,11.42,0.745,35000,984940,1167250,182310,Tunai,Lunas
TRX-20260729-1251,2026-07-29,03:18,Eceran Umum,Umum,Potong 12,2,4.3,3.24,1.06,0.753,36500,94600,118260,23660,Tunai,Lunas
TRX-20260729-1252,2026-07-29,06:05,Warung Padang Roda Jaya,Langganan,Potong 8,25,50.4,37.75,12.65,0.749,36500,1108800,1377875,269075,Tempo_7H,Belum Lunas
TRX-20260729-1253,2026-07-29,05:49,Warung Nasi Sunda Ibu Imas,Langganan,Potong 12,30,66.32,48.94,17.38,0.738,36500,1459039,1786310,327271,Tempo_7H,Lunas
TRX-20260729-1254,2026-07-29,09:30,Warung Padang Roda Jaya,Langganan,Karkas Utuh,10,18.16,13.31,4.85,0.733,35000,399520,465850,66330,Tempo_7H,Belum Lunas
TRX-20260729-1255,2026-07-29,03:08,Pecel Lele & Ayam Lamongan Cak Har,Langganan,Potong 8,21,39.87,28.95,10.92,0.726,36500,877140,1056675,179535,Tempo_3H,Belum Lunas
TRX-20260729-1256,2026-07-29,03:24,Warung Padang Roda Jaya,Langganan,Campur,28,52.26,37.73,14.53,0.722,35000,1149720,1320550,170830,Tempo_7H,Belum Lunas
TRX-20260729-1257,2026-07-29,07:37,Warung Padang Roda Jaya,Langganan,Campur,21,44.29,31.71,12.58,0.716,35000,974380,1109850,135470,Tempo_7H,Lunas
TRX-20260729-1258,2026-07-29,04:14,Eceran Umum,Umum,Potong 8,2,3.79,2.73,1.06,0.719,36500,83380,99645,16265,Tunai,Lunas
TRX-20260729-1259,2026-07-29,05:07,Eceran Umum,Umum,Potong 4,1,1.79,1.33,0.46,0.743,35000,39380,46550,7170,Tunai,Lunas
TRX-20260729-1260,2026-07-29,04:27,Pecel Lele & Ayam Lamongan Cak Har,Langganan,Potong 12,32,62.93,46.57,16.36,0.74,36500,1384460,1699805,315345,Tempo_3H,Lunas
TRX-20260729-1261,2026-07-29,03:18,Depot Mie Pangsit 88,Langganan,Potong 12,23,50.46,37.59,12.87,0.745,36500,1110120,1372035,261915,Tempo_3H,Belum Lunas
TRX-20260729-1262,2026-07-29,08:04,Eceran Umum,Umum,Potong 8,2,4.25,3.2,1.05,0.752,36500,93500,116800,23300,Tunai,Lunas
TRX-20260730-1263,2026-07-30,08:36,Pecel Lele & Ayam Lamongan Cak Har,Langganan,Potong 4,27,48.62,35.78,12.84,0.736,35000,1069640,1252300,182660,Tempo_3H,Belum Lunas
TRX-20260730-1264,2026-07-30,07:26,Warung Nasi Sunda Ibu Imas,Langganan,Karkas Utuh,24,53.85,39.1,14.75,0.726,35000,1184700,1368500,183800,Tempo_7H,Lunas
TRX-20260730-1265,2026-07-30,04:19,Bakso Solo Mas Mul,Langganan,Potong 4,30,54.17,38.84,15.33,0.717,35000,1191740,1359400,167660,Tempo_7H,Belum Lunas
TRX-20260730-1266,2026-07-30,10:31,Eceran Umum,Umum,Fillet Dada,1,1.8,1.33,0.47,0.739,48000,39600,63840,24240,Tunai,Lunas
TRX-20260730-1267,2026-07-30,08:23,Eceran Umum,Umum,Potong 8,1,1.93,1.37,0.56,0.711,36500,42460,50005,7545,Tunai,Lunas
TRX-20260730-1268,2026-07-30,05:26,Katering Berkah Ibu,Langganan,Potong 4,13,26.93,19.47,7.46,0.723,35000,592460,681450,88990,Tempo_14H,Belum Lunas
TRX-20260730-1269,2026-07-30,10:47,Eceran Umum,Umum,Karkas Utuh,2,3.68,2.78,0.9,0.755,35000,80960,97300,16340,Tunai,Lunas
TRX-20260730-1270,2026-07-30,06:12,Katering Berkah Ibu,Langganan,Campur,28,60.75,43.74,17.01,0.72,35000,1336500,1530900,194400,Tempo_14H,Belum Lunas
TRX-20260730-1271,2026-07-30,06:44,Eceran Umum,Umum,Campur,1,1.97,1.46,0.51,0.742,35000,43340,51100,7760,Tunai,Lunas
TRX-20260730-1272,2026-07-30,03:26,Warung Nasi Sunda Ibu Imas,Langganan,Potong 12,23,41.58,29.98,11.6,0.721,36500,914760,1094270,179510,Tempo_7H,Belum Lunas
TRX-20260730-1273,2026-07-30,03:39,Eceran Umum,Umum,Potong 12,2,3.49,2.59,0.9,0.743,36500,76780,94535,17755,Tunai,Lunas
TRX-20260730-1274,2026-07-30,09:21,Katering Berkah Ibu,Langganan,Potong 8,32,72.44,54.84,17.6,0.757,36500,1593680,2001660,407980,Tempo_14H,Belum Lunas
TRX-20260730-1275,2026-07-30,03:36,Bakso Solo Mas Mul,Langganan,Karkas Utuh,30,56.72,42.6,14.12,0.751,35000,1247840,1491000,243160,Tempo_7H,Lunas
TRX-20260730-1276,2026-07-30,09:26,Warung Padang Roda Jaya,Langganan,Potong 4,6,13.78,10.17,3.61,0.738,35000,303160,355950,52790,Tempo_7H,Lunas
TRX-20260730-1277,2026-07-30,05:14,Eceran Umum,Umum,Potong 12,2,4.37,3.14,1.23,0.718,36500,96140,114610,18470,Tunai,Lunas
TRX-20260730-1278,2026-07-30,03:52,Bakso Solo Mas Mul,Langganan,Potong 4,28,54.43,39.14,15.29,0.719,35000,1197460,1369900,172440,Tempo_7H,Belum Lunas
TRX-20260730-1279,2026-07-30,06:04,Bakso Solo Mas Mul,Langganan,Karkas Utuh,33,75.17,56.83,18.34,0.756,35000,1653740,1989050,335310,Tempo_7H,Belum Lunas
TRX-20260730-1280,2026-07-30,05:54,Pecel Lele & Ayam Lamongan Cak Har,Langganan,Karkas Utuh,10,18.54,13.61,4.93,0.734,35000,407880,476350,68470,Tempo_3H,Belum Lunas
TRX-20260730-1281,2026-07-30,04:20,Warung Padang Roda Jaya,Langganan,Potong 12,11,20.32,14.83,5.49,0.73,36500,447040,541295,94255,Tempo_7H,Belum Lunas
TRX-20260730-1282,2026-07-30,03:27,Depot Mie Pangsit 88,Langganan,Karkas Utuh,8,18.22,13.61,4.61,0.747,35000,400840,476350,75510,Tempo_3H,Belum Lunas
TRX-20260730-1283,2026-07-30,03:23,Pecel Lele & Ayam Lamongan Cak Har,Langganan,Potong 12,11,21.64,16.25,5.39,0.751,36500,476080,593125,117045,Tempo_3H,Belum Lunas
TRX-20260731-1284,2026-07-31,03:14,Eceran Umum,Umum,Campur,1,2.02,1.48,0.54,0.731,35000,44440,51800,7360,Tunai,Lunas
TRX-20260731-1285,2026-07-31,06:14,Eceran Umum,Umum,Potong 4,2,4.17,3.13,1.04,0.751,35000,91740,109550,17810,Tunai,Lunas
TRX-20260731-1286,2026-07-31,08:52,Eceran Umum,Umum,Potong 12,2,3.89,2.87,1.02,0.737,36500,85580,104755,19175,Tunai,Lunas
TRX-20260731-1287,2026-07-31,08:10,Ayam Geprek Sambal Bawang,Langganan,Potong 4,32,63.89,46.58,17.31,0.729,35000,1405580,1630300,224720,Tunai,Belum Lunas
TRX-20260731-1288,2026-07-31,08:20,Eceran Umum,Umum,Potong 4,1,1.79,1.3,0.49,0.727,35000,39380,45500,6120,Tunai,Lunas
TRX-20260731-1289,2026-07-31,04:18,Eceran Umum,Umum,Potong 4,2,3.62,2.65,0.97,0.733,35000,79640,92750,13110,Tunai,Lunas
TRX-20260731-1290,2026-07-31,08:40,Warung Padang Roda Jaya,Langganan,Fillet Dada,19,40.57,30.51,10.06,0.752,48000,892540,1464480,571940,Tempo_7H,Lunas
TRX-20260731-1291,2026-07-31,08:58,Eceran Umum,Umum,Karkas Utuh,1,1.96,1.42,0.54,0.727,35000,43120,49700,6580,Tunai,Lunas
TRX-20260731-1292,2026-07-31,06:25,Warung Padang Roda Jaya,Langganan,Potong 8,30,66.92,48.05,18.87,0.718,36500,1472240,1753825,281585,Tempo_7H,Belum Lunas
TRX-20260731-1293,2026-07-31,06:40,Eceran Umum,Umum,Potong 8,2,4.28,3.13,1.15,0.731,36500,94160,114245,20085,Tunai,Lunas
TRX-20260731-1294,2026-07-31,10:57,Ayam Geprek Sambal Bawang,Langganan,Campur,18,40.95,31.04,9.91,0.758,35000,900900,1086400,185500,Tunai,Lunas
TRX-20260731-1295,2026-07-31,03:00,Eceran Umum,Umum,Fillet Dada,2,3.9,2.93,0.97,0.752,48000,85800,140640,54840,Tunai,Lunas
TRX-20260731-1296,2026-07-31,06:28,Eceran Umum,Umum,Potong 4,2,3.68,2.74,0.94,0.744,35000,80960,95900,14940,Tunai,Lunas
TRX-20260731-1297,2026-07-31,04:32,Katering Berkah Ibu,Langganan,Potong 8,17,33.06,24.8,8.26,0.75,36500,727320,905200,177880,Tempo_14H,Belum Lunas
TRX-20260731-1298,2026-07-31,06:46,Warung Padang Roda Jaya,Langganan,Potong 4,28,56.35,40.8,15.55,0.724,35000,1239700,1428000,188300,Tempo_7H,Belum Lunas
TRX-20260731-1299,2026-07-31,05:36,Warung Padang Roda Jaya,Langganan,Campur,5,10.8,7.79,3.01,0.721,35000,237600,272650,35050,Tempo_7H,Lunas
TRX-20260731-1300,2026-07-31,04:13,Eceran Umum,Umum,Karkas Utuh,1,1.92,1.42,0.5,0.737,35000,42240,49700,7460,Tunai,Lunas
TRX-20260731-1301,2026-07-31,03:44,Eceran Umum,Umum,Potong 8,1,1.91,1.36,0.55,0.712,36500,42020,49640,7620,Tunai,Lunas
TRX-20260731-1302,2026-07-31,05:09,Warung Padang Roda Jaya,Langganan,Karkas Utuh,33,62.33,45.06,17.27,0.723,35000,1371260,1577100,205840,Tempo_7H,Belum Lunas
TRX-20260731-1303,2026-07-31,03:03,Warung Nasi Sunda Ibu Imas,Langganan,Potong 8,7,12.81,9.3,3.51,0.726,36500,281820,339450,57630,Tempo_7H,Lunas
TRX-20260731-1304,2026-07-31,05:36,Bakso Solo Mas Mul,Langganan,Campur,17,37.47,26.94,10.53,0.719,35000,824340,942900,118560,Tempo_7H,Belum Lunas
TRX-20260801-1305,2026-08-01,05:21,Katering Berkah Ibu,Langganan,Karkas Utuh,9,18.93,13.93,5.0,0.736,35000,416460,487550,71090,Tempo_14H,Lunas
TRX-20260801-1306,2026-08-01,03:27,Pecel Lele & Ayam Lamongan Cak Har,Langganan,Potong 8,21,41.75,29.77,11.98,0.713,36500,918500,1086605,168105,Tempo_3H,Belum Lunas
TRX-20260801-1307,2026-08-01,05:40,Eceran Umum,Umum,Fillet Dada,2,4.18,3.1,1.08,0.742,48000,91960,148800,56840,Tunai,Lunas
TRX-20260801-1308,2026-08-01,08:14,Bakso Solo Mas Mul,Langganan,Potong 12,15,32.43,24.32,8.11,0.75,36500,713460,887680,174220,Tempo_7H,Belum Lunas
TRX-20260801-1309,2026-08-01,05:41,Katering Berkah Ibu,Langganan,Fillet Dada,11,22.69,16.9,5.79,0.745,48000,499180,811199,312019,Tempo_14H,Belum Lunas
TRX-20260801-1310,2026-08-01,04:20,Warung Padang Roda Jaya,Langganan,Potong 12,16,31.91,24.03,7.88,0.753,36500,702020,877095,175075,Tempo_7H,Belum Lunas
TRX-20260801-1311,2026-08-01,04:23,Eceran Umum,Umum,Potong 12,1,1.79,1.34,0.45,0.747,36500,39380,48910,9530,Tunai,Lunas
TRX-20260801-1312,2026-08-01,05:07,Eceran Umum,Umum,Potong 4,2,3.79,2.71,1.08,0.714,35000,83380,94850,11470,Tunai,Lunas
TRX-20260801-1313,2026-08-01,05:27,Eceran Umum,Umum,Karkas Utuh,2,3.83,2.73,1.1,0.713,35000,84260,95550,11290,Tunai,Lunas
TRX-20260801-1314,2026-08-01,05:51,Warung Padang Roda Jaya,Langganan,Fillet Dada,9,16.76,11.98,4.78,0.715,48000,368720,575040,206320,Tempo_7H,Belum Lunas
TRX-20260801-1315,2026-08-01,04:13,Eceran Umum,Umum,Fillet Dada,2,4.25,3.07,1.18,0.722,48000,93500,147360,53860,Tunai,Lunas
TRX-20260801-1316,2026-08-01,04:47,Eceran Umum,Umum,Potong 12,2,4.07,3.0,1.07,0.736,36500,89540,109500,19960,Tunai,Lunas
TRX-20260801-1317,2026-08-01,03:21,Ayam Geprek Sambal Bawang,Langganan,Karkas Utuh,9,16.77,12.24,4.53,0.73,35000,368940,428400,59460,Tunai,Lunas
TRX-20260801-1318,2026-08-01,04:53,Eceran Umum,Umum,Karkas Utuh,2,4.35,3.11,1.24,0.716,35000,95699,108850,13151,Tunai,Lunas
TRX-20260801-1319,2026-08-01,04:39,Warung Nasi Sunda Ibu Imas,Langganan,Fillet Dada,14,30.88,22.42,8.46,0.726,48000,679360,1076160,396800,Tempo_7H,Lunas
TRX-20260801-1320,2026-08-01,05:22,Eceran Umum,Umum,Potong 8,1,1.79,1.28,0.51,0.716,36500,39380,46720,7340,Tunai,Lunas
TRX-20260801-1321,2026-08-01,09:31,Eceran Umum,Umum,Karkas Utuh,2,3.76,2.73,1.03,0.726,35000,82720,95550,12830,Tunai,Lunas
TRX-20260801-1322,2026-08-01,05:17,Eceran Umum,Umum,Karkas Utuh,1,2.08,1.53,0.55,0.735,35000,45760,53550,7790,Tunai,Lunas
TRX-20260801-1323,2026-08-01,03:53,Eceran Umum,Umum,Potong 12,2,3.68,2.65,1.03,0.721,36500,80960,96725,15765,Tunai,Lunas
TRX-20260801-1324,2026-08-01,03:15,Warung Padang Roda Jaya,Langganan,Potong 4,20,36.87,26.25,10.62,0.712,35000,811140,918750,107610,Tempo_7H,Belum Lunas
TRX-20260801-1325,2026-08-01,03:46,Eceran Umum,Umum,Potong 4,2,3.86,2.79,1.07,0.722,35000,84920,97650,12730,Tunai,Lunas
TRX-20260801-1326,2026-08-01,04:23,Depot Mie Pangsit 88,Langganan,Karkas Utuh,26,48.58,35.51,13.07,0.731,35000,1068760,1242850,174090,Tempo_3H,Belum Lunas
TRX-20260801-1327,2026-08-01,07:52,Warung Padang Roda Jaya,Langganan,Potong 4,16,34.04,24.17,9.87,0.71,35000,748880,845950,97070,Tempo_7H,Belum Lunas
TRX-20260801-1328,2026-08-01,04:12,Katering Berkah Ibu,Langganan,Potong 8,34,74.52,54.25,20.27,0.728,36500,1639440,1980125,340685,Tempo_14H,Belum Lunas
TRX-20260801-1329,2026-08-01,03:01,Depot Mie Pangsit 88,Langganan,Karkas Utuh,22,41.64,30.65,10.99,0.736,35000,916080,1072750,156670,Tempo_3H,Belum Lunas
TRX-20260801-1330,2026-08-01,03:48,Katering Berkah Ibu,Langganan,Potong 8,27,50.55,38.22,12.33,0.756,36500,1112100,1395030,282930,Tempo_14H,Belum Lunas
TRX-20260801-1331,2026-08-01,05:27,Warung Nasi Sunda Ibu Imas,Langganan,Karkas Utuh,34,69.8,52.42,17.38,0.751,35000,1535600,1834700,299100,Tempo_7H,Belum Lunas
TRX-20260802-1332,2026-08-02,06:20,Pecel Lele & Ayam Lamongan Cak Har,Langganan,Potong 8,7,14.18,10.56,3.62,0.745,36500,311960,385440,73480,Tempo_3H,Belum Lunas
TRX-20260802-1333,2026-08-02,04:49,Bakso Solo Mas Mul,Langganan,Karkas Utuh,15,31.2,22.4,8.8,0.718,35000,686400,784000,97600,Tempo_7H,Belum Lunas
TRX-20260802-1334,2026-08-02,03:13,Ayam Geprek Sambal Bawang,Langganan,Potong 8,14,31.77,24.02,7.75,0.756,36500,698940,876730,177790,Tunai,Belum Lunas
TRX-20260802-1335,2026-08-02,03:05,Eceran Umum,Umum,Potong 12,1,1.9,1.37,0.53,0.719,36500,41800,50005,8205,Tunai,Lunas
TRX-20260802-1336,2026-08-02,03:55,Eceran Umum,Umum,Potong 8,1,2.0,1.47,0.53,0.735,36500,44000,53655,9655,Tunai,Lunas
TRX-20260802-1337,2026-08-02,09:20,Eceran Umum,Umum,Campur,1,1.78,1.29,0.49,0.727,35000,39160,45150,5990,Tunai,Lunas
TRX-20260802-1338,2026-08-02,04:47,Eceran Umum,Umum,Potong 12,2,4.09,2.93,1.16,0.716,36500,89980,106945,16965,Tunai,Lunas
TRX-20260802-1339,2026-08-02,05:54,Eceran Umum,Umum,Fillet Dada,2,4.21,2.99,1.22,0.711,48000,92620,143520,50900,Tunai,Lunas
TRX-20260802-1340,2026-08-02,03:31,Pecel Lele & Ayam Lamongan Cak Har,Langganan,Potong 12,17,35.45,26.09,9.36,0.736,36500,779900,952285,172385,Tempo_3H,Lunas
TRX-20260802-1341,2026-08-02,07:37,Depot Mie Pangsit 88,Langganan,Potong 12,30,62.9,45.16,17.74,0.718,36500,1383800,1648339,264539,Tempo_3H,Lunas
TRX-20260802-1342,2026-08-02,04:35,Warung Nasi Sunda Ibu Imas,Langganan,Potong 12,10,21.34,15.79,5.55,0.74,36500,469480,576335,106855,Tempo_7H,Belum Lunas
TRX-20260802-1343,2026-08-02,08:39,Eceran Umum,Umum,Potong 4,2,3.86,2.82,1.04,0.73,35000,84920,98700,13780,Tunai,Lunas
TRX-20260802-1344,2026-08-02,08:39,Ayam Geprek Sambal Bawang,Langganan,Potong 4,23,50.39,38.15,12.24,0.757,35000,1108580,1335250,226670,Tunai,Lunas
TRX-20260802-1345,2026-08-02,04:28,Depot Mie Pangsit 88,Langganan,Karkas Utuh,6,12.49,9.08,3.41,0.727,35000,274780,317800,43020,Tempo_3H,Belum Lunas
TRX-20260802-1346,2026-08-02,08:49,Katering Berkah Ibu,Langganan,Potong 4,26,50.24,36.98,13.26,0.736,35000,1105280,1294300,189020,Tempo_14H,Belum Lunas
TRX-20260802-1347,2026-08-02,05:48,Eceran Umum,Umum,Potong 8,1,1.79,1.31,0.48,0.731,36500,39380,47815,8435,Tunai,Lunas
TRX-20260802-1348,2026-08-02,06:14,Warung Padang Roda Jaya,Langganan,Potong 4,34,65.71,47.18,18.53,0.718,35000,1445619,1651300,205681,Tempo_7H,Belum Lunas
TRX-20260802-1349,2026-08-02,06:07,Katering Berkah Ibu,Langganan,Potong 4,15,32.7,24.49,8.21,0.749,35000,719400,857150,137750,Tempo_14H,Belum Lunas
TRX-20260802-1350,2026-08-02,04:30,Depot Mie Pangsit 88,Langganan,Potong 4,16,34.31,25.25,9.06,0.736,35000,754820,883750,128930,Tempo_3H,Belum Lunas
TRX-20260802-1351,2026-08-02,06:03,Katering Berkah Ibu,Langganan,Potong 8,20,36.97,28.02,8.95,0.758,36500,813340,1022730,209390,Tempo_14H,Belum Lunas
TRX-20260802-1352,2026-08-02,05:31,Eceran Umum,Umum,Campur,1,1.83,1.36,0.47,0.744,35000,40260,47600,7340,Tunai,Lunas
TRX-20260802-1353,2026-08-02,05:47,Pecel Lele & Ayam Lamongan Cak Har,Langganan,Potong 4,24,45.14,32.32,12.82,0.716,35000,993080,1131200,138120,Tempo_3H,Belum Lunas
TRX-20260802-1354,2026-08-02,05:18,Ayam Geprek Sambal Bawang,Langganan,Karkas Utuh,17,31.37,23.5,7.87,0.749,35000,690140,822500,132360,Tunai,Belum Lunas
TRX-20260802-1355,2026-08-02,04:09,Depot Mie Pangsit 88,Langganan,Potong 4,23,42.7,31.47,11.23,0.737,35000,939400,1101450,162050,Tempo_3H,Lunas
TRX-20260802-1356,2026-08-02,05:55,Ayam Geprek Sambal Bawang,Langganan,Karkas Utuh,11,20.49,14.59,5.9,0.712,35000,450779,510650,59871,Tunai,Belum Lunas
TRX-20260802-1357,2026-08-02,05:19,Eceran Umum,Umum,Potong 8,2,3.51,2.64,0.87,0.752,36500,77220,96360,19140,Tunai,Lunas
TRX-20260802-1358,2026-08-02,04:31,Bakso Solo Mas Mul,Langganan,Karkas Utuh,25,57.2,41.36,15.84,0.723,35000,1258400,1447600,189200,Tempo_7H,Belum Lunas
TRX-20260803-1359,2026-08-03,05:27,Warung Padang Roda Jaya,Langganan,Campur,6,13.58,9.85,3.73,0.725,35000,298760,344750,45990,Tempo_7H,Lunas
TRX-20260803-1360,2026-08-03,10:14,Pecel Lele & Ayam Lamongan Cak Har,Langganan,Campur,22,49.96,37.27,12.69,0.746,35000,1099120,1304450,205330,Tempo_3H,Belum Lunas
TRX-20260803-1361,2026-08-03,09:23,Depot Mie Pangsit 88,Langganan,Fillet Dada,32,69.39,49.89,19.5,0.719,48000,1526580,2394720,868140,Tempo_3H,Belum Lunas
TRX-20260803-1362,2026-08-03,09:58,Eceran Umum,Umum,Karkas Utuh,2,3.67,2.7,0.97,0.736,35000,80740,94500,13760,Tunai,Lunas
TRX-20260803-1363,2026-08-03,06:23,Eceran Umum,Umum,Potong 12,2,3.92,2.79,1.13,0.712,36500,86240,101835,15595,Tunai,Lunas
TRX-20260803-1364,2026-08-03,06:37,Warung Nasi Sunda Ibu Imas,Langganan,Potong 8,22,47.83,35.01,12.82,0.732,36500,1052260,1277865,225605,Tempo_7H,Belum Lunas
TRX-20260803-1365,2026-08-03,08:59,Depot Mie Pangsit 88,Langganan,Potong 4,25,49.74,35.41,14.33,0.712,35000,1094280,1239349,145069,Tempo_3H,Lunas
TRX-20260803-1366,2026-08-03,08:20,Depot Mie Pangsit 88,Langganan,Fillet Dada,32,72.17,54.2,17.97,0.751,48000,1587740,2601600,1013860,Tempo_3H,Belum Lunas
TRX-20260803-1367,2026-08-03,05:30,Bakso Solo Mas Mul,Langganan,Potong 4,14,26.52,19.31,7.21,0.728,35000,583440,675850,92410,Tempo_7H,Belum Lunas
TRX-20260803-1368,2026-08-03,05:56,Pecel Lele & Ayam Lamongan Cak Har,Langganan,Potong 12,27,58.11,43.58,14.53,0.75,36500,1278420,1590670,312250,Tempo_3H,Lunas
TRX-20260803-1369,2026-08-03,06:23,Eceran Umum,Umum,Potong 12,1,2.02,1.49,0.53,0.738,36500,44440,54385,9945,Tunai,Lunas
TRX-20260803-1370,2026-08-03,04:29,Eceran Umum,Umum,Potong 12,1,2.18,1.65,0.53,0.755,36500,47960,60225,12265,Tunai,Lunas
TRX-20260803-1371,2026-08-03,05:25,Bakso Solo Mas Mul,Langganan,Potong 12,24,46.2,34.05,12.15,0.737,36500,1016400,1242825,226425,Tempo_7H,Belum Lunas
TRX-20260803-1372,2026-08-03,04:27,Katering Berkah Ibu,Langganan,Potong 8,30,61.13,45.85,15.28,0.75,36500,1344860,1673525,328665,Tempo_14H,Belum Lunas
TRX-20260803-1373,2026-08-03,05:41,Warung Nasi Sunda Ibu Imas,Langganan,Campur,22,41.47,30.77,10.7,0.742,35000,912340,1076950,164610,Tempo_7H,Belum Lunas
TRX-20260803-1374,2026-08-03,03:01,Warung Padang Roda Jaya,Langganan,Potong 8,21,39.75,29.49,10.26,0.742,36500,874500,1076385,201885,Tempo_7H,Belum Lunas
TRX-20260803-1375,2026-08-03,04:41,Katering Berkah Ibu,Langganan,Potong 4,29,61.76,45.08,16.68,0.73,35000,1358720,1577800,219080,Tempo_14H,Belum Lunas
TRX-20260804-1376,2026-08-04,04:16,Warung Nasi Sunda Ibu Imas,Langganan,Campur,33,63.97,47.15,16.82,0.737,35000,1407340,1650250,242910,Tempo_7H,Belum Lunas
TRX-20260804-1377,2026-08-04,04:45,Eceran Umum,Umum,Fillet Dada,2,4.17,3.09,1.08,0.741,48000,91740,148320,56580,Tunai,Lunas
TRX-20260804-1378,2026-08-04,05:14,Depot Mie Pangsit 88,Langganan,Fillet Dada,12,21.65,15.41,6.24,0.712,48000,476299,739680,263381,Tempo_3H,Lunas
TRX-20260804-1379,2026-08-04,04:55,Eceran Umum,Umum,Potong 12,2,4.39,3.17,1.22,0.721,36500,96580,115705,19125,Tunai,Lunas
TRX-20260804-1380,2026-08-04,10:46,Eceran Umum,Umum,Potong 8,1,2.17,1.63,0.54,0.75,36500,47740,59494,11754,Tunai,Lunas
TRX-20260804-1381,2026-08-04,03:11,Pecel Lele & Ayam Lamongan Cak Har,Langganan,Potong 8,20,42.79,31.62,11.17,0.739,36500,941380,1154130,212750,Tempo_3H,Belum Lunas
TRX-20260804-1382,2026-08-04,05:47,Eceran Umum,Umum,Potong 8,1,1.74,1.28,0.46,0.735,36500,38280,46720,8440,Tunai,Lunas
TRX-20260804-1383,2026-08-04,07:11,Katering Berkah Ibu,Langganan,Potong 4,14,31.79,22.67,9.12,0.713,35000,699380,793450,94070,Tempo_14H,Belum Lunas
TRX-20260804-1384,2026-08-04,04:23,Eceran Umum,Umum,Potong 8,2,4.25,3.04,1.21,0.716,36500,93500,110960,17460,Tunai,Lunas
TRX-20260804-1385,2026-08-04,05:32,Eceran Umum,Umum,Potong 4,2,4.3,3.25,1.05,0.756,35000,94600,113750,19150,Tunai,Lunas
TRX-20260804-1386,2026-08-04,08:11,Eceran Umum,Umum,Potong 4,1,1.94,1.39,0.55,0.716,35000,42680,48650,5970,Tunai,Lunas
TRX-20260804-1387,2026-08-04,05:41,Ayam Geprek Sambal Bawang,Langganan,Fillet Dada,12,21.71,15.52,6.19,0.715,48000,477620,744960,267340,Tunai,Belum Lunas
TRX-20260804-1388,2026-08-04,04:12,Katering Berkah Ibu,Langganan,Fillet Dada,19,40.89,30.05,10.84,0.735,48000,899580,1442400,542820,Tempo_14H,Belum Lunas
TRX-20260804-1389,2026-08-04,05:20,Warung Padang Roda Jaya,Langganan,Potong 8,31,56.46,41.89,14.57,0.742,36500,1242120,1528985,286865,Tempo_7H,Lunas
TRX-20260804-1390,2026-08-04,07:50,Eceran Umum,Umum,Fillet Dada,2,3.57,2.67,0.9,0.749,48000,78540,128160,49620,Tunai,Lunas
TRX-20260804-1391,2026-08-04,05:14,Eceran Umum,Umum,Potong 8,2,4.03,3.03,1.0,0.751,36500,88660,110595,21935,Tunai,Lunas
TRX-20260805-1392,2026-08-05,04:57,Eceran Umum,Umum,Potong 4,2,4.08,3.05,1.03,0.748,35000,89760,106750,16990,Tunai,Lunas
TRX-20260805-1393,2026-08-05,03:55,Eceran Umum,Umum,Potong 4,2,4.04,2.92,1.12,0.724,35000,88880,102200,13320,Tunai,Lunas
TRX-20260805-1394,2026-08-05,08:35,Warung Nasi Sunda Ibu Imas,Langganan,Campur,20,44.16,33.43,10.73,0.757,35000,971519,1170050,198531,Tempo_7H,Belum Lunas
TRX-20260805-1395,2026-08-05,06:55,Katering Berkah Ibu,Langganan,Potong 8,8,17.58,13.33,4.25,0.758,36500,386759,486545,99786,Tempo_14H,Belum Lunas
TRX-20260805-1396,2026-08-05,05:53,Depot Mie Pangsit 88,Langganan,Campur,33,59.69,43.99,15.7,0.737,35000,1313180,1539650,226470,Tempo_3H,Lunas
TRX-20260805-1397,2026-08-05,07:20,Eceran Umum,Umum,Fillet Dada,2,3.46,2.49,0.97,0.719,48000,76120,119520,43400,Tunai,Lunas
TRX-20260805-1398,2026-08-05,05:21,Bakso Solo Mas Mul,Langganan,Karkas Utuh,15,29.02,21.1,7.92,0.727,35000,638440,738500,100060,Tempo_7H,Belum Lunas
TRX-20260805-1399,2026-08-05,08:23,Depot Mie Pangsit 88,Langganan,Karkas Utuh,28,61.4,46.48,14.92,0.757,35000,1350800,1626800,276000,Tempo_3H,Belum Lunas
TRX-20260805-1400,2026-08-05,06:15,Eceran Umum,Umum,Potong 12,2,3.86,2.76,1.1,0.714,36500,84920,100739,15819,Tunai,Lunas
TRX-20260805-1401,2026-08-05,07:49,Warung Nasi Sunda Ibu Imas,Langganan,Potong 4,12,23.64,17.23,6.41,0.729,35000,520080,603050,82970,Tempo_7H,Belum Lunas
TRX-20260805-1402,2026-08-05,03:36,Warung Padang Roda Jaya,Langganan,Potong 4,32,73.22,53.16,20.06,0.726,35000,1610840,1860599,249759,Tempo_7H,Belum Lunas
TRX-20260805-1403,2026-08-05,05:24,Katering Berkah Ibu,Langganan,Potong 8,7,12.8,9.73,3.07,0.76,36500,281600,355145,73545,Tempo_14H,Belum Lunas
TRX-20260805-1404,2026-08-05,06:15,Ayam Geprek Sambal Bawang,Langganan,Potong 8,15,29.61,22.33,7.28,0.754,36500,651420,815044,163624,Tunai,Lunas
TRX-20260805-1405,2026-08-05,07:59,Eceran Umum,Umum,Potong 8,2,4.25,3.16,1.09,0.744,36500,93500,115340,21840,Tunai,Lunas
TRX-20260805-1406,2026-08-05,07:37,Warung Padang Roda Jaya,Langganan,Potong 12,28,54.39,39.98,14.41,0.735,36500,1196580,1459270,262690,Tempo_7H,Belum Lunas
TRX-20260805-1407,2026-08-05,07:31,Pecel Lele & Ayam Lamongan Cak Har,Langganan,Potong 8,11,20.85,14.87,5.98,0.713,36500,458700,542755,84055,Tempo_3H,Belum Lunas
TRX-20260805-1408,2026-08-05,04:42,Eceran Umum,Umum,Potong 12,1,2.14,1.55,0.59,0.725,36500,47080,56575,9495,Tunai,Lunas
TRX-20260806-1409,2026-08-06,10:38,Eceran Umum,Umum,Potong 4,2,3.45,2.6,0.85,0.754,35000,75900,91000,15100,Tunai,Lunas
TRX-20260806-1410,2026-08-06,06:49,Pecel Lele & Ayam Lamongan Cak Har,Langganan,Potong 8,25,52.25,38.98,13.27,0.746,36500,1149500,1422770,273270,Tempo_3H,Lunas
TRX-20260806-1411,2026-08-06,04:26,Katering Berkah Ibu,Langganan,Potong 8,8,16.35,11.62,4.73,0.711,36500,359700,424130,64430,Tempo_14H,Belum Lunas
TRX-20260806-1412,2026-08-06,05:16,Eceran Umum,Umum,Potong 4,1,1.9,1.37,0.53,0.722,35000,41800,47950,6150,Tunai,Lunas
TRX-20260806-1413,2026-08-06,04:37,Warung Padang Roda Jaya,Langganan,Karkas Utuh,26,55.52,41.53,13.99,0.748,35000,1221440,1453550,232110,Tempo_7H,Lunas
TRX-20260806-1414,2026-08-06,03:02,Warung Padang Roda Jaya,Langganan,Fillet Dada,34,70.17,51.65,18.52,0.736,48000,1543740,2479200,935460,Tempo_7H,Belum Lunas
TRX-20260806-1415,2026-08-06,05:48,Warung Padang Roda Jaya,Langganan,Campur,29,63.47,45.95,17.52,0.724,35000,1396340,1608250,211910,Tempo_7H,Belum Lunas
TRX-20260806-1416,2026-08-06,07:17,Eceran Umum,Umum,Campur,1,2.05,1.49,0.56,0.725,35000,45099,52150,7051,Tunai,Lunas
TRX-20260806-1417,2026-08-06,04:36,Eceran Umum,Umum,Potong 12,2,3.4,2.54,0.86,0.746,36500,74800,92710,17910,Tunai,Lunas
TRX-20260806-1418,2026-08-06,03:13,Eceran Umum,Umum,Karkas Utuh,2,3.88,2.76,1.12,0.712,35000,85360,96599,11239,Tunai,Lunas
TRX-20260806-1419,2026-08-06,06:52,Warung Nasi Sunda Ibu Imas,Langganan,Karkas Utuh,29,58.7,43.5,15.2,0.741,35000,1291400,1522500,231100,Tempo_7H,Lunas
TRX-20260806-1420,2026-08-06,08:59,Eceran Umum,Umum,Potong 12,1,2.14,1.59,0.55,0.743,36500,47080,58035,10955,Tunai,Lunas
TRX-20260806-1421,2026-08-06,06:20,Eceran Umum,Umum,Potong 8,2,3.89,2.92,0.97,0.751,36500,85580,106580,21000,Tunai,Lunas
TRX-20260806-1422,2026-08-06,08:03,Warung Nasi Sunda Ibu Imas,Langganan,Potong 4,17,33.66,24.67,8.99,0.733,35000,740519,863450,122931,Tempo_7H,Belum Lunas
TRX-20260806-1423,2026-08-06,04:37,Ayam Geprek Sambal Bawang,Langganan,Potong 8,9,20.6,15.53,5.07,0.754,36500,453200,566845,113645,Tunai,Belum Lunas
TRX-20260807-1424,2026-08-07,06:12,Eceran Umum,Umum,Fillet Dada,2,4.02,2.85,1.17,0.71,48000,88439,136800,48361,Tunai,Lunas
TRX-20260807-1425,2026-08-07,03:39,Eceran Umum,Umum,Potong 12,2,3.44,2.5,0.94,0.727,36500,75680,91250,15570,Tunai,Lunas
TRX-20260807-1426,2026-08-07,06:04,Eceran Umum,Umum,Potong 8,2,3.83,2.9,0.93,0.758,36500,84260,105850,21590,Tunai,Lunas
TRX-20260807-1427,2026-08-07,05:17,Eceran Umum,Umum,Campur,2,4.33,3.16,1.17,0.729,35000,95260,110600,15340,Tunai,Lunas
TRX-20260807-1428,2026-08-07,03:49,Warung Padang Roda Jaya,Langganan,Karkas Utuh,7,13.16,9.7,3.46,0.737,35000,289520,339500,49980,Tempo_7H,Belum Lunas
TRX-20260807-1429,2026-08-07,06:16,Eceran Umum,Umum,Potong 4,2,3.87,2.89,0.98,0.746,35000,85140,101150,16010,Tunai,Lunas
TRX-20260807-1430,2026-08-07,04:41,Warung Padang Roda Jaya,Langganan,Potong 8,19,43.12,32.08,11.04,0.744,36500,948640,1170920,222280,Tempo_7H,Lunas
TRX-20260807-1431,2026-08-07,08:27,Warung Padang Roda Jaya,Langganan,Karkas Utuh,29,65.96,47.1,18.86,0.714,35000,1451119,1648500,197381,Tempo_7H,Belum Lunas
TRX-20260807-1432,2026-08-07,07:47,Eceran Umum,Umum,Karkas Utuh,1,2.02,1.51,0.51,0.749,35000,44440,52850,8410,Tunai,Lunas
TRX-20260807-1433,2026-08-07,05:18,Eceran Umum,Umum,Potong 4,1,1.87,1.37,0.5,0.733,35000,41140,47950,6810,Tunai,Lunas
TRX-20260807-1434,2026-08-07,03:22,Eceran Umum,Umum,Potong 8,2,3.87,2.93,0.94,0.758,36500,85140,106945,21805,Tunai,Lunas
TRX-20260807-1435,2026-08-07,09:17,Eceran Umum,Umum,Potong 4,2,4.05,3.04,1.01,0.751,35000,89100,106400,17300,Tunai,Lunas
TRX-20260807-1436,2026-08-07,05:04,Eceran Umum,Umum,Fillet Dada,2,4.23,3.02,1.21,0.714,48000,93060,144960,51900,Tunai,Lunas
TRX-20260807-1437,2026-08-07,05:26,Katering Berkah Ibu,Langganan,Potong 4,5,10.1,7.6,2.5,0.752,35000,222200,266000,43800,Tempo_14H,Belum Lunas
TRX-20260807-1438,2026-08-07,08:54,Eceran Umum,Umum,Karkas Utuh,1,2.04,1.49,0.55,0.728,35000,44880,52150,7270,Tunai,Lunas
TRX-20260807-1439,2026-08-07,03:29,Bakso Solo Mas Mul,Langganan,Karkas Utuh,30,68.29,49.85,18.44,0.73,35000,1502380,1744750,242370,Tempo_7H,Belum Lunas
TRX-20260807-1440,2026-08-07,03:57,Eceran Umum,Umum,Fillet Dada,2,3.91,2.87,1.04,0.733,48000,86020,137760,51740,Tunai,Lunas
TRX-20260808-1441,2026-08-08,05:39,Pecel Lele & Ayam Lamongan Cak Har,Langganan,Potong 4,22,43.97,31.79,12.18,0.723,35000,967340,1112650,145310,Tempo_3H,Belum Lunas
TRX-20260808-1442,2026-08-08,04:55,Warung Padang Roda Jaya,Langganan,Karkas Utuh,16,28.95,21.68,7.27,0.749,35000,636900,758800,121900,Tempo_7H,Lunas
TRX-20260808-1443,2026-08-08,06:04,Eceran Umum,Umum,Fillet Dada,2,3.89,2.8,1.09,0.72,48000,85580,134400,48820,Tunai,Lunas
TRX-20260808-1444,2026-08-08,06:23,Bakso Solo Mas Mul,Langganan,Potong 8,27,50.01,37.96,12.05,0.759,36500,1100220,1385540,285320,Tempo_7H,Belum Lunas
TRX-20260808-1445,2026-08-08,09:56,Katering Berkah Ibu,Langganan,Campur,32,64.67,46.17,18.5,0.714,35000,1422740,1615950,193210,Tempo_14H,Belum Lunas
TRX-20260808-1446,2026-08-08,04:34,Bakso Solo Mas Mul,Langganan,Fillet Dada,20,44.72,31.84,12.88,0.712,48000,983840,1528320,544480,Tempo_7H,Belum Lunas
TRX-20260808-1447,2026-08-08,06:14,Eceran Umum,Umum,Potong 4,1,1.84,1.32,0.52,0.72,35000,40480,46200,5720,Tunai,Lunas
TRX-20260808-1448,2026-08-08,03:18,Warung Nasi Sunda Ibu Imas,Langganan,Fillet Dada,7,14.29,10.5,3.79,0.735,48000,314380,504000,189620,Tempo_7H,Belum Lunas
TRX-20260808-1449,2026-08-08,04:20,Eceran Umum,Umum,Potong 8,1,1.97,1.46,0.51,0.739,36500,43340,53290,9950,Tunai,Lunas
TRX-20260808-1450,2026-08-08,04:07,Eceran Umum,Umum,Campur,2,3.62,2.66,0.96,0.736,35000,79640,93100,13460,Tunai,Lunas
TRX-20260808-1451,2026-08-08,09:59,Depot Mie Pangsit 88,Langganan,Campur,7,15.46,11.41,4.05,0.738,35000,340120,399350,59230,Tempo_3H,Belum Lunas
TRX-20260808-1452,2026-08-08,03:21,Eceran Umum,Umum,Karkas Utuh,2,3.45,2.49,0.96,0.721,35000,75900,87150,11250,Tunai,Lunas
TRX-20260808-1453,2026-08-08,07:18,Bakso Solo Mas Mul,Langganan,Potong 8,23,45.86,32.93,12.93,0.718,36500,1008920,1201945,193025,Tempo_7H,Belum Lunas
TRX-20260808-1454,2026-08-08,09:29,Depot Mie Pangsit 88,Langganan,Potong 8,24,47.15,34.66,12.49,0.735,36500,1037300,1265089,227789,Tempo_3H,Lunas
TRX-20260808-1455,2026-08-08,07:12,Eceran Umum,Umum,Campur,2,3.69,2.68,1.01,0.725,35000,81180,93800,12620,Tunai,Lunas
TRX-20260808-1456,2026-08-08,07:48,Eceran Umum,Umum,Karkas Utuh,1,1.9,1.43,0.47,0.752,35000,41800,50050,8250,Tunai,Lunas
TRX-20260808-1457,2026-08-08,05:39,Eceran Umum,Umum,Potong 8,1,1.97,1.48,0.49,0.75,36500,43340,54020,10680,Tunai,Lunas
TRX-20260808-1458,2026-08-08,04:51,Pecel Lele & Ayam Lamongan Cak Har,Langganan,Potong 12,31,61.16,43.97,17.19,0.719,36500,1345520,1604905,259385,Tempo_3H,Lunas
TRX-20260808-1459,2026-08-08,04:45,Warung Padang Roda Jaya,Langganan,Karkas Utuh,13,27.61,20.18,7.43,0.731,35000,607420,706300,98880,Tempo_7H,Lunas
TRX-20260808-1460,2026-08-08,03:50,Warung Padang Roda Jaya,Langganan,Potong 4,8,16.92,12.69,4.23,0.75,35000,372240,444150,71910,Tempo_7H,Lunas
TRX-20260808-1461,2026-08-08,07:07,Warung Padang Roda Jaya,Langganan,Karkas Utuh,30,59.05,43.58,15.47,0.738,35000,1299100,1525300,226200,Tempo_7H,Belum Lunas
TRX-20260808-1462,2026-08-08,05:10,Eceran Umum,Umum,Potong 12,2,3.71,2.79,0.92,0.752,36500,81620,101835,20215,Tunai,Lunas
TRX-20260808-1463,2026-08-08,06:42,Eceran Umum,Umum,Karkas Utuh,1,1.9,1.42,0.48,0.748,35000,41800,49700,7900,Tunai,Lunas
TRX-20260808-1464,2026-08-08,05:30,Eceran Umum,Umum,Potong 12,2,4.06,2.95,1.11,0.727,36500,89319,107675,18356,Tunai,Lunas
TRX-20260808-1465,2026-08-08,06:40,Katering Berkah Ibu,Langganan,Campur,9,19.11,13.89,5.22,0.727,35000,420420,486150,65730,Tempo_14H,Belum Lunas
TRX-20260808-1466,2026-08-08,10:18,Depot Mie Pangsit 88,Langganan,Potong 4,5,9.17,6.8,2.37,0.742,35000,201740,238000,36260,Tempo_3H,Belum Lunas
TRX-20260808-1467,2026-08-08,06:54,Eceran Umum,Umum,Campur,2,3.76,2.82,0.94,0.751,35000,82720,98700,15980,Tunai,Lunas
TRX-20260808-1468,2026-08-08,07:38,Eceran Umum,Umum,Karkas Utuh,2,4.22,3.06,1.16,0.724,35000,92840,107100,14260,Tunai,Lunas
TRX-20260808-1469,2026-08-08,06:06,Eceran Umum,Umum,Potong 8,2,3.66,2.61,1.05,0.712,36500,80520,95265,14745,Tunai,Lunas
TRX-20260809-1470,2026-08-09,04:43,Depot Mie Pangsit 88,Langganan,Karkas Utuh,24,54.45,40.13,14.32,0.737,35000,1197900,1404550,206650,Tempo_3H,Belum Lunas
TRX-20260809-1471,2026-08-09,04:31,Eceran Umum,Umum,Karkas Utuh,1,1.83,1.35,0.48,0.736,35000,40260,47250,6990,Tunai,Lunas
TRX-20260809-1472,2026-08-09,04:29,Eceran Umum,Umum,Potong 12,2,4.33,3.21,1.12,0.742,36500,95260,117165,21905,Tunai,Lunas
TRX-20260809-1473,2026-08-09,09:13,Eceran Umum,Umum,Fillet Dada,2,3.53,2.63,0.9,0.744,48000,77660,126240,48580,Tunai,Lunas
TRX-20260809-1474,2026-08-09,07:54,Depot Mie Pangsit 88,Langganan,Potong 4,17,38.98,28.73,10.25,0.737,35000,857559,1005550,147991,Tempo_3H,Lunas
TRX-20260809-1475,2026-08-09,04:26,Pecel Lele & Ayam Lamongan Cak Har,Langganan,Potong 4,9,19.34,14.31,5.03,0.74,35000,425480,500850,75370,Tempo_3H,Belum Lunas
TRX-20260809-1476,2026-08-09,04:31,Eceran Umum,Umum,Potong 12,1,2.04,1.47,0.57,0.72,36500,44880,53655,8775,Tunai,Lunas
TRX-20260809-1477,2026-08-09,07:17,Warung Padang Roda Jaya,Langganan,Potong 8,29,63.38,47.09,16.29,0.743,36500,1394360,1718785,324425,Tempo_7H,Belum Lunas
TRX-20260809-1478,2026-08-09,03:41,Ayam Geprek Sambal Bawang,Langganan,Campur,8,14.46,10.92,3.54,0.755,35000,318120,382200,64080,Tunai,Lunas
TRX-20260809-1479,2026-08-09,07:50,Bakso Solo Mas Mul,Langganan,Fillet Dada,18,35.05,26.15,8.9,0.746,48000,771099,1255200,484101,Tempo_7H,Lunas
TRX-20260809-1480,2026-08-09,07:54,Eceran Umum,Umum,Potong 8,2,3.44,2.6,0.84,0.755,36500,75680,94900,19220,Tunai,Lunas
TRX-20260809-1481,2026-08-09,06:45,Warung Padang Roda Jaya,Langganan,Fillet Dada,10,22.35,16.4,5.95,0.734,48000,491700,787199,295499,Tempo_7H,Belum Lunas
TRX-20260809-1482,2026-08-09,05:56,Eceran Umum,Umum,Potong 8,1,2.03,1.54,0.49,0.759,36500,44659,56210,11551,Tunai,Lunas
TRX-20260809-1483,2026-08-09,06:36,Bakso Solo Mas Mul,Langganan,Karkas Utuh,17,33.05,24.72,8.33,0.748,35000,727099,865200,138101,Tempo_7H,Lunas
TRX-20260809-1484,2026-08-09,05:21,Bakso Solo Mas Mul,Langganan,Potong 8,17,34.82,25.45,9.37,0.731,36500,766040,928925,162885,Tempo_7H,Belum Lunas
TRX-20260809-1485,2026-08-09,05:39,Bakso Solo Mas Mul,Langganan,Potong 8,26,58.97,42.05,16.92,0.713,36500,1297340,1534825,237485,Tempo_7H,Belum Lunas
TRX-20260809-1486,2026-08-09,07:47,Ayam Geprek Sambal Bawang,Langganan,Potong 4,33,62.71,47.66,15.05,0.76,35000,1379620,1668099,288479,Tunai,Belum Lunas
TRX-20260809-1487,2026-08-09,07:12,Bakso Solo Mas Mul,Langganan,Potong 12,13,24.83,18.7,6.13,0.753,36500,546260,682550,136290,Tempo_7H,Belum Lunas
TRX-20260809-1488,2026-08-09,05:11,Eceran Umum,Umum,Potong 8,1,1.87,1.42,0.45,0.758,36500,41140,51830,10690,Tunai,Lunas
TRX-20260809-1489,2026-08-09,06:19,Ayam Geprek Sambal Bawang,Langganan,Potong 4,27,60.86,43.51,17.35,0.715,35000,1338920,1522850,183930,Tunai,Belum Lunas
TRX-20260809-1490,2026-08-09,09:21,Warung Padang Roda Jaya,Langganan,Campur,32,58.07,42.51,15.56,0.732,35000,1277540,1487850,210310,Tempo_7H,Belum Lunas
TRX-20260809-1491,2026-08-09,06:56,Ayam Geprek Sambal Bawang,Langganan,Potong 8,7,14.63,10.86,3.77,0.742,36500,321860,396390,74530,Tunai,Belum Lunas
TRX-20260809-1492,2026-08-09,04:32,Bakso Solo Mas Mul,Langganan,Karkas Utuh,22,39.63,28.73,10.9,0.725,35000,871860,1005550,133690,Tempo_7H,Lunas
TRX-20260809-1493,2026-08-09,06:38,Warung Padang Roda Jaya,Langganan,Fillet Dada,18,40.85,29.13,11.72,0.713,48000,898700,1398240,499540,Tempo_7H,Lunas
TRX-20260809-1494,2026-08-09,04:14,Katering Berkah Ibu,Langganan,Potong 8,8,15.48,11.39,4.09,0.736,36500,340560,415735,75175,Tempo_14H,Belum Lunas
TRX-20260809-1495,2026-08-09,06:46,Warung Padang Roda Jaya,Langganan,Potong 4,14,26.36,19.16,7.2,0.727,35000,579920,670600,90680,Tempo_7H,Belum Lunas
TRX-20260809-1496,2026-08-09,06:51,Bakso Solo Mas Mul,Langganan,Campur,22,45.88,33.68,12.2,0.734,35000,1009360,1178800,169440,Tempo_7H,Belum Lunas
TRX-20260809-1497,2026-08-09,05:44,Warung Padang Roda Jaya,Langganan,Potong 8,6,13.05,9.36,3.69,0.717,36500,287100,341640,54540,Tempo_7H,Lunas
TRX-20260809-1498,2026-08-09,09:38,Warung Nasi Sunda Ibu Imas,Langganan,Fillet Dada,11,20.82,15.28,5.54,0.734,48000,458040,733440,275400,Tempo_7H,Belum Lunas
TRX-20260809-1499,2026-08-09,06:03,Warung Nasi Sunda Ibu Imas,Langganan,Potong 8,11,21.52,16.25,5.27,0.755,36500,473440,593125,119685,Tempo_7H,Belum Lunas
TRX-20260809-1500,2026-08-09,04:45,Depot Mie Pangsit 88,Langganan,Potong 12,18,33.12,24.48,8.64,0.739,36500,728640,893520,164880,Tempo_3H,Belum Lunas
TRX-20260809-1501,2026-08-09,08:16,Warung Padang Roda Jaya,Langganan,Fillet Dada,28,60.31,44.15,16.16,0.732,48000,1326820,2119200,792380,Tempo_7H,Belum Lunas
TRX-20260809-1502,2026-08-09,06:49,Katering Berkah Ibu,Langganan,Karkas Utuh,18,39.16,29.64,9.52,0.757,35000,861519,1037400,175881,Tempo_14H,Belum Lunas
TRX-20260810-1503,2026-08-10,07:47,Katering Berkah Ibu,Langganan,Fillet Dada,26,56.28,42.55,13.73,0.756,48000,1238160,2042399,804239,Tempo_14H,Belum Lunas
TRX-20260810-1504,2026-08-10,03:53,Warung Padang Roda Jaya,Langganan,Potong 8,25,46.26,33.45,12.81,0.723,36500,1017720,1220925,203205,Tempo_7H,Lunas
TRX-20260810-1505,2026-08-10,08:07,Eceran Umum,Umum,Karkas Utuh,1,1.78,1.35,0.43,0.756,35000,39160,47250,8090,Tunai,Lunas
TRX-20260810-1506,2026-08-10,06:21,Ayam Geprek Sambal Bawang,Langganan,Potong 4,33,75.65,57.04,18.61,0.754,35000,1664300,1996400,332100,Tunai,Belum Lunas
TRX-20260810-1507,2026-08-10,04:42,Katering Berkah Ibu,Langganan,Potong 4,24,49.95,35.71,14.24,0.715,35000,1098900,1249850,150950,Tempo_14H,Belum Lunas
TRX-20260810-1508,2026-08-10,04:25,Eceran Umum,Umum,Potong 12,1,2.01,1.45,0.56,0.722,36500,44219,52925,8706,Tunai,Lunas
TRX-20260810-1509,2026-08-10,07:03,Eceran Umum,Umum,Fillet Dada,1,1.93,1.46,0.47,0.755,48000,42460,70080,27620,Tunai,Lunas
TRX-20260810-1510,2026-08-10,05:33,Eceran Umum,Umum,Potong 4,2,4.18,3.08,1.1,0.736,35000,91960,107800,15840,Tunai,Lunas
TRX-20260810-1511,2026-08-10,04:59,Eceran Umum,Umum,Karkas Utuh,2,3.63,2.6,1.03,0.717,35000,79860,91000,11140,Tunai,Lunas
TRX-20260810-1512,2026-08-10,06:12,Katering Berkah Ibu,Langganan,Potong 12,7,15.73,11.91,3.82,0.757,36500,346060,434715,88655,Tempo_14H,Belum Lunas
TRX-20260810-1513,2026-08-10,04:21,Katering Berkah Ibu,Langganan,Karkas Utuh,11,20.91,15.31,5.6,0.732,35000,460020,535850,75830,Tempo_14H,Lunas
TRX-20260810-1514,2026-08-10,05:24,Warung Nasi Sunda Ibu Imas,Langganan,Potong 4,28,57.36,40.84,16.52,0.712,35000,1261920,1429400,167480,Tempo_7H,Belum Lunas
TRX-20260810-1515,2026-08-10,05:50,Bakso Solo Mas Mul,Langganan,Karkas Utuh,20,38.21,27.43,10.78,0.718,35000,840620,960050,119430,Tempo_7H,Belum Lunas
TRX-20260810-1516,2026-08-10,07:32,Pecel Lele & Ayam Lamongan Cak Har,Langganan,Potong 8,21,40.98,29.63,11.35,0.723,36500,901559,1081495,179936,Tempo_3H,Belum Lunas
TRX-20260810-1517,2026-08-10,05:22,Depot Mie Pangsit 88,Langganan,Potong 4,26,53.07,38.58,14.49,0.727,35000,1167540,1350300,182760,Tempo_3H,Belum Lunas
TRX-20260810-1518,2026-08-10,06:45,Katering Berkah Ibu,Langganan,Potong 4,23,44.68,31.77,12.91,0.711,35000,982960,1111950,128990,Tempo_14H,Belum Lunas
TRX-20260810-1519,2026-08-10,06:05,Eceran Umum,Umum,Campur,1,2.08,1.48,0.6,0.711,35000,45760,51800,6040,Tunai,Lunas
TRX-20260810-1520,2026-08-10,08:55,Eceran Umum,Umum,Karkas Utuh,1,2.11,1.55,0.56,0.735,35000,46420,54250,7830,Tunai,Lunas
TRX-20260810-1521,2026-08-10,06:27,Pecel Lele & Ayam Lamongan Cak Har,Langganan,Potong 8,22,42.16,31.24,10.92,0.741,36500,927519,1140260,212741,Tempo_3H,Belum Lunas
TRX-20260810-1522,2026-08-10,03:29,Eceran Umum,Umum,Fillet Dada,2,3.97,2.93,1.04,0.738,48000,87340,140640,53300,Tunai,Lunas
TRX-20260811-1523,2026-08-11,08:12,Ayam Geprek Sambal Bawang,Langganan,Potong 12,18,40.45,30.5,9.95,0.754,36500,889900,1113250,223350,Tunai,Belum Lunas
TRX-20260811-1524,2026-08-11,05:38,Pecel Lele & Ayam Lamongan Cak Har,Langganan,Potong 4,10,20.47,15.02,5.45,0.734,35000,450340,525700,75360,Tempo_3H,Belum Lunas
TRX-20260811-1525,2026-08-11,04:34,Eceran Umum,Umum,Campur,1,1.93,1.45,0.48,0.751,35000,42460,50750,8290,Tunai,Lunas
TRX-20260811-1526,2026-08-11,05:21,Pecel Lele & Ayam Lamongan Cak Har,Langganan,Campur,21,42.19,30.67,11.52,0.727,35000,928180,1073450,145270,Tempo_3H,Belum Lunas
TRX-20260811-1527,2026-08-11,05:50,Warung Padang Roda Jaya,Langganan,Potong 4,17,32.66,23.48,9.18,0.719,35000,718519,821800,103281,Tempo_7H,Lunas
TRX-20260811-1528,2026-08-11,05:39,Bakso Solo Mas Mul,Langganan,Potong 8,6,12.84,9.42,3.42,0.734,36500,282480,343830,61350,Tempo_7H,Belum Lunas
TRX-20260811-1529,2026-08-11,06:03,Eceran Umum,Umum,Karkas Utuh,1,2.14,1.54,0.6,0.719,35000,47080,53900,6820,Tunai,Lunas
TRX-20260811-1530,2026-08-11,06:47,Eceran Umum,Umum,Potong 8,2,4.29,3.09,1.2,0.721,36500,94380,112785,18405,Tunai,Lunas
TRX-20260811-1531,2026-08-11,06:20,Ayam Geprek Sambal Bawang,Langganan,Potong 12,27,51.76,38.1,13.66,0.736,36500,1138720,1390650,251930,Tunai,Lunas
TRX-20260811-1532,2026-08-11,04:04,Eceran Umum,Umum,Campur,2,4.19,3.01,1.18,0.718,35000,92180,105349,13169,Tunai,Lunas
TRX-20260811-1533,2026-08-11,06:22,Eceran Umum,Umum,Fillet Dada,1,1.76,1.3,0.46,0.739,48000,38720,62400,23680,Tunai,Lunas
TRX-20260811-1534,2026-08-11,07:37,Ayam Geprek Sambal Bawang,Langganan,Potong 8,24,49.7,35.54,14.16,0.715,36500,1093400,1297210,203810,Tunai,Belum Lunas
TRX-20260811-1535,2026-08-11,09:44,Bakso Solo Mas Mul,Langganan,Fillet Dada,25,51.82,38.61,13.21,0.745,48000,1140040,1853280,713240,Tempo_7H,Belum Lunas
TRX-20260811-1536,2026-08-11,04:51,Eceran Umum,Umum,Potong 8,2,4.26,3.13,1.13,0.734,36500,93720,114245,20525,Tunai,Lunas
TRX-20260811-1537,2026-08-11,05:18,Pecel Lele & Ayam Lamongan Cak Har,Langganan,Potong 4,28,62.04,44.92,17.12,0.724,35000,1364880,1572200,207320,Tempo_3H,Belum Lunas
TRX-20260811-1538,2026-08-11,05:35,Eceran Umum,Umum,Potong 12,1,2.18,1.57,0.61,0.718,36500,47960,57305,9345,Tunai,Lunas
TRX-20260811-1539,2026-08-11,10:01,Pecel Lele & Ayam Lamongan Cak Har,Langganan,Potong 12,5,11.32,8.49,2.83,0.75,36500,249040,309885,60845,Tempo_3H,Belum Lunas
TRX-20260811-1540,2026-08-11,04:29,Katering Berkah Ibu,Langganan,Potong 8,15,28.6,20.71,7.89,0.724,36500,629200,755915,126715,Tempo_14H,Belum Lunas
TRX-20260811-1541,2026-08-11,06:10,Warung Padang Roda Jaya,Langganan,Fillet Dada,7,15.94,12.05,3.89,0.756,48000,350680,578400,227720,Tempo_7H,Lunas
TRX-20260811-1542,2026-08-11,07:26,Eceran Umum,Umum,Potong 8,1,2.06,1.51,0.55,0.735,36500,45320,55115,9795,Tunai,Lunas
TRX-20260812-1543,2026-08-12,06:53,Eceran Umum,Umum,Potong 8,2,4.4,3.23,1.17,0.733,36500,96800,117895,21095,Tunai,Lunas
TRX-20260812-1544,2026-08-12,06:32,Bakso Solo Mas Mul,Langganan,Karkas Utuh,9,16.94,12.84,4.1,0.758,35000,372680,449400,76720,Tempo_7H,Belum Lunas
TRX-20260812-1545,2026-08-12,06:10,Eceran Umum,Umum,Potong 4,2,3.75,2.82,0.93,0.751,35000,82500,98700,16200,Tunai,Lunas
TRX-20260812-1546,2026-08-12,05:27,Pecel Lele & Ayam Lamongan Cak Har,Langganan,Karkas Utuh,11,23.86,17.89,5.97,0.75,35000,524920,626150,101230,Tempo_3H,Belum Lunas
TRX-20260812-1547,2026-08-12,03:13,Eceran Umum,Umum,Karkas Utuh,1,1.82,1.37,0.45,0.755,35000,40040,47950,7910,Tunai,Lunas
TRX-20260812-1548,2026-08-12,10:08,Eceran Umum,Umum,Campur,2,3.45,2.57,0.88,0.745,35000,75900,89950,14050,Tunai,Lunas
TRX-20260812-1549,2026-08-12,05:43,Warung Padang Roda Jaya,Langganan,Karkas Utuh,5,9.48,7.0,2.48,0.738,35000,208560,245000,36440,Tempo_7H,Belum Lunas
TRX-20260812-1550,2026-08-12,03:57,Warung Nasi Sunda Ibu Imas,Langganan,Campur,30,60.21,43.47,16.74,0.722,35000,1324620,1521450,196830,Tempo_7H,Belum Lunas
TRX-20260812-1551,2026-08-12,06:57,Ayam Geprek Sambal Bawang,Langganan,Potong 4,34,73.0,52.41,20.59,0.718,35000,1606000,1834349,228349,Tunai,Belum Lunas
TRX-20260812-1552,2026-08-12,05:19,Eceran Umum,Umum,Potong 4,2,3.53,2.61,0.92,0.738,35000,77660,91350,13690,Tunai,Lunas
TRX-20260812-1553,2026-08-12,06:48,Eceran Umum,Umum,Potong 8,2,3.63,2.58,1.05,0.71,36500,79860,94170,14310,Tunai,Lunas
TRX-20260812-1554,2026-08-12,05:00,Warung Padang Roda Jaya,Langganan,Potong 12,31,67.66,49.66,18.0,0.734,36500,1488520,1812589,324069,Tempo_7H,Belum Lunas
TRX-20260812-1555,2026-08-12,06:39,Depot Mie Pangsit 88,Langganan,Karkas Utuh,8,17.37,12.85,4.52,0.74,35000,382140,449750,67610,Tempo_3H,Lunas
TRX-20260812-1556,2026-08-12,04:13,Bakso Solo Mas Mul,Langganan,Potong 8,29,57.22,41.6,15.62,0.727,36500,1258840,1518400,259560,Tempo_7H,Belum Lunas
TRX-20260812-1557,2026-08-12,10:05,Eceran Umum,Umum,Potong 8,1,1.77,1.31,0.46,0.74,36500,38940,47815,8875,Tunai,Lunas
TRX-20260812-1558,2026-08-12,03:03,Katering Berkah Ibu,Langganan,Fillet Dada,16,29.2,21.99,7.21,0.753,48000,642400,1055520,413120,Tempo_14H,Belum Lunas
TRX-20260812-1559,2026-08-12,04:14,Eceran Umum,Umum,Karkas Utuh,2,3.54,2.57,0.97,0.725,35000,77880,89950,12070,Tunai,Lunas
TRX-20260812-1560,2026-08-12,04:38,Depot Mie Pangsit 88,Langganan,Potong 8,22,44.78,33.9,10.88,0.757,36500,985160,1237350,252190,Tempo_3H,Belum Lunas
TRX-20260813-1561,2026-08-13,06:23,Warung Padang Roda Jaya,Langganan,Potong 12,28,52.81,38.23,14.58,0.724,36500,1161820,1395395,233575,Tempo_7H,Lunas
TRX-20260813-1562,2026-08-13,10:30,Eceran Umum,Umum,Fillet Dada,2,3.99,2.96,1.03,0.741,48000,87780,142080,54300,Tunai,Lunas
TRX-20260813-1563,2026-08-13,07:19,Eceran Umum,Umum,Campur,1,1.84,1.39,0.45,0.757,35000,40480,48650,8170,Tunai,Lunas
TRX-20260813-1564,2026-08-13,06:25,Pecel Lele & Ayam Lamongan Cak Har,Langganan,Karkas Utuh,8,16.64,11.96,4.68,0.719,35000,366080,418600,52520,Tempo_3H,Belum Lunas
TRX-20260813-1565,2026-08-13,04:40,Depot Mie Pangsit 88,Langganan,Potong 4,33,64.74,48.68,16.06,0.752,35000,1424280,1703800,279520,Tempo_3H,Lunas
TRX-20260813-1566,2026-08-13,03:44,Pecel Lele & Ayam Lamongan Cak Har,Langganan,Campur,18,36.65,27.67,8.98,0.755,35000,806300,968450,162150,Tempo_3H,Belum Lunas
TRX-20260813-1567,2026-08-13,05:42,Eceran Umum,Umum,Karkas Utuh,1,2.05,1.53,0.52,0.748,35000,45099,53550,8451,Tunai,Lunas
TRX-20260813-1568,2026-08-13,10:07,Pecel Lele & Ayam Lamongan Cak Har,Langganan,Potong 4,11,21.97,16.35,5.62,0.744,35000,483340,572250,88910,Tempo_3H,Belum Lunas
TRX-20260813-1569,2026-08-13,06:22,Warung Nasi Sunda Ibu Imas,Langganan,Potong 4,11,24.77,18.6,6.17,0.751,35000,544940,651000,106060,Tempo_7H,Belum Lunas
TRX-20260813-1570,2026-08-13,04:40,Eceran Umum,Umum,Karkas Utuh,1,1.95,1.44,0.51,0.736,35000,42900,50400,7500,Tunai,Lunas
TRX-20260813-1571,2026-08-13,08:53,Warung Nasi Sunda Ibu Imas,Langganan,Potong 12,28,56.34,41.02,15.32,0.728,36500,1239480,1497230,257750,Tempo_7H,Belum Lunas
TRX-20260813-1572,2026-08-13,05:46,Warung Padang Roda Jaya,Langganan,Fillet Dada,29,54.12,40.37,13.75,0.746,48000,1190640,1937759,747119,Tempo_7H,Belum Lunas
TRX-20260813-1573,2026-08-13,03:26,Eceran Umum,Umum,Campur,1,1.83,1.36,0.47,0.745,35000,40260,47600,7340,Tunai,Lunas
TRX-20260813-1574,2026-08-13,04:29,Bakso Solo Mas Mul,Langganan,Potong 12,28,50.54,38.26,12.28,0.757,36500,1111880,1396490,284610,Tempo_7H,Belum Lunas
TRX-20260813-1575,2026-08-13,04:51,Eceran Umum,Umum,Fillet Dada,2,3.54,2.62,0.92,0.741,48000,77880,125760,47880,Tunai,Lunas
TRX-20260813-1576,2026-08-13,05:44,Eceran Umum,Umum,Potong 8,1,1.72,1.22,0.5,0.712,36500,37840,44530,6690,Tunai,Lunas
TRX-20260813-1577,2026-08-13,06:22,Eceran Umum,Umum,Karkas Utuh,1,1.92,1.41,0.51,0.733,35000,42240,49350,7110,Tunai,Lunas
TRX-20260814-1578,2026-08-14,03:54,Katering Berkah Ibu,Langganan,Fillet Dada,21,41.23,30.18,11.05,0.732,48000,907059,1448640,541581,Tempo_14H,Belum Lunas
TRX-20260814-1579,2026-08-14,06:43,Warung Padang Roda Jaya,Langganan,Fillet Dada,17,36.6,26.97,9.63,0.737,48000,805200,1294560,489360,Tempo_7H,Belum Lunas
TRX-20260814-1580,2026-08-14,05:29,Ayam Geprek Sambal Bawang,Langganan,Fillet Dada,7,14.16,10.56,3.6,0.746,48000,311520,506880,195360,Tunai,Belum Lunas
TRX-20260814-1581,2026-08-14,05:39,Eceran Umum,Umum,Campur,2,3.7,2.78,0.92,0.75,35000,81400,97300,15900,Tunai,Lunas
TRX-20260814-1582,2026-08-14,03:17,Eceran Umum,Umum,Potong 8,1,2.11,1.58,0.53,0.751,36500,46420,57670,11250,Tunai,Lunas
TRX-20260814-1583,2026-08-14,03:08,Eceran Umum,Umum,Campur,1,2.03,1.5,0.53,0.741,35000,44659,52500,7841,Tunai,Lunas
TRX-20260814-1584,2026-08-14,04:54,Warung Padang Roda Jaya,Langganan,Potong 8,24,48.82,34.96,13.86,0.716,36500,1074040,1276040,202000,Tempo_7H,Belum Lunas
TRX-20260814-1585,2026-08-14,04:45,Eceran Umum,Umum,Fillet Dada,2,3.97,2.89,1.08,0.727,48000,87340,138720,51380,Tunai,Lunas
TRX-20260814-1586,2026-08-14,04:30,Eceran Umum,Umum,Potong 4,1,2.2,1.62,0.58,0.736,35000,48400,56700,8300,Tunai,Lunas
TRX-20260814-1587,2026-08-14,04:21,Warung Padang Roda Jaya,Langganan,Potong 8,6,11.83,8.67,3.16,0.733,36500,260260,316455,56195,Tempo_7H,Lunas
TRX-20260814-1588,2026-08-14,04:42,Eceran Umum,Umum,Campur,2,4.26,3.08,1.18,0.724,35000,93720,107800,14080,Tunai,Lunas
TRX-20260814-1589,2026-08-14,04:07,Eceran Umum,Umum,Potong 8,1,2.04,1.5,0.54,0.734,36500,44880,54750,9870,Tunai,Lunas
TRX-20260814-1590,2026-08-14,04:34,Eceran Umum,Umum,Fillet Dada,1,1.94,1.43,0.51,0.738,48000,42680,68640,25960,Tunai,Lunas
TRX-20260814-1591,2026-08-14,06:08,Depot Mie Pangsit 88,Langganan,Fillet Dada,31,60.99,43.85,17.14,0.719,48000,1341780,2104800,763020,Tempo_3H,Belum Lunas
TRX-20260814-1592,2026-08-14,05:41,Eceran Umum,Umum,Potong 4,2,3.74,2.72,1.02,0.726,35000,82280,95200,12920,Tunai,Lunas
TRX-20260814-1593,2026-08-14,05:30,Ayam Geprek Sambal Bawang,Langganan,Fillet Dada,19,37.11,27.57,9.54,0.743,48000,816420,1323360,506940,Tunai,Belum Lunas
TRX-20260814-1594,2026-08-14,09:36,Eceran Umum,Umum,Potong 8,2,3.8,2.74,1.06,0.721,36500,83600,100010,16410,Tunai,Lunas
TRX-20260814-1595,2026-08-14,09:34,Ayam Geprek Sambal Bawang,Langganan,Potong 4,11,20.4,15.08,5.32,0.739,35000,448799,527800,79001,Tunai,Lunas
TRX-20260814-1596,2026-08-14,04:21,Eceran Umum,Umum,Potong 8,2,3.89,2.87,1.02,0.739,36500,85580,104755,19175,Tunai,Lunas
TRX-20260814-1597,2026-08-14,05:15,Depot Mie Pangsit 88,Langganan,Potong 4,24,54.71,40.05,14.66,0.732,35000,1203620,1401750,198130,Tempo_3H,Belum Lunas
TRX-20260814-1598,2026-08-14,04:00,Bakso Solo Mas Mul,Langganan,Potong 8,5,10.19,7.71,2.48,0.757,36500,224180,281415,57235,Tempo_7H,Lunas
TRX-20260815-1599,2026-08-15,05:24,Katering Berkah Ibu,Langganan,Campur,9,17.97,13.08,4.89,0.728,35000,395340,457800,62460,Tempo_14H,Belum Lunas
TRX-20260815-1600,2026-08-15,05:46,Ayam Geprek Sambal Bawang,Langganan,Campur,24,49.69,35.98,13.71,0.724,35000,1093180,1259300,166120,Tunai,Belum Lunas
TRX-20260815-1601,2026-08-15,06:16,Pecel Lele & Ayam Lamongan Cak Har,Langganan,Fillet Dada,6,12.94,9.46,3.48,0.731,48000,284680,454080,169400,Tempo_3H,Belum Lunas
TRX-20260815-1602,2026-08-15,03:21,Eceran Umum,Umum,Karkas Utuh,2,3.66,2.73,0.93,0.746,35000,80520,95550,15030,Tunai,Lunas
TRX-20260815-1603,2026-08-15,04:39,Eceran Umum,Umum,Fillet Dada,1,2.05,1.51,0.54,0.738,48000,45099,72480,27381,Tunai,Lunas
TRX-20260815-1604,2026-08-15,05:40,Warung Nasi Sunda Ibu Imas,Langganan,Campur,11,20.59,15.57,5.02,0.756,35000,452980,544950,91970,Tempo_7H,Lunas
TRX-20260815-1605,2026-08-15,04:44,Eceran Umum,Umum,Fillet Dada,2,4.39,3.13,1.26,0.712,48000,96580,150240,53660,Tunai,Lunas
TRX-20260815-1606,2026-08-15,04:47,Eceran Umum,Umum,Fillet Dada,1,1.74,1.24,0.5,0.712,48000,38280,59520,21240,Tunai,Lunas
TRX-20260815-1607,2026-08-15,03:03,Bakso Solo Mas Mul,Langganan,Karkas Utuh,22,40.15,29.03,11.12,0.723,35000,883300,1016050,132750,Tempo_7H,Lunas
TRX-20260815-1608,2026-08-15,07:45,Eceran Umum,Umum,Potong 8,1,1.75,1.3,0.45,0.743,36500,38500,47450,8950,Tunai,Lunas
TRX-20260815-1609,2026-08-15,06:49,Eceran Umum,Umum,Fillet Dada,2,3.64,2.65,0.99,0.728,48000,80080,127200,47120,Tunai,Lunas
TRX-20260815-1610,2026-08-15,05:14,Warung Nasi Sunda Ibu Imas,Langganan,Potong 4,18,35.36,25.28,10.08,0.715,35000,777920,884800,106880,Tempo_7H,Belum Lunas
TRX-20260815-1611,2026-08-15,08:27,Eceran Umum,Umum,Potong 12,1,1.79,1.33,0.46,0.742,36500,39380,48545,9165,Tunai,Lunas
TRX-20260815-1612,2026-08-15,08:59,Eceran Umum,Umum,Karkas Utuh,2,3.76,2.71,1.05,0.72,35000,82720,94850,12130,Tunai,Lunas
TRX-20260815-1613,2026-08-15,05:50,Bakso Solo Mas Mul,Langganan,Potong 8,17,32.01,23.98,8.03,0.749,36500,704220,875270,171050,Tempo_7H,Lunas
TRX-20260815-1614,2026-08-15,05:18,Warung Padang Roda Jaya,Langganan,Karkas Utuh,32,71.48,52.39,19.09,0.733,35000,1572560,1833650,261090,Tempo_7H,Lunas
TRX-20260815-1615,2026-08-15,06:09,Eceran Umum,Umum,Potong 12,2,3.55,2.63,0.92,0.742,36500,78100,95995,17895,Tunai,Lunas
TRX-20260815-1616,2026-08-15,07:52,Eceran Umum,Umum,Karkas Utuh,2,3.45,2.52,0.93,0.73,35000,75900,88200,12300,Tunai,Lunas
TRX-20260815-1617,2026-08-15,04:18,Bakso Solo Mas Mul,Langganan,Potong 4,21,43.97,32.01,11.96,0.728,35000,967340,1120350,153010,Tempo_7H,Belum Lunas
TRX-20260815-1618,2026-08-15,05:53,Depot Mie Pangsit 88,Langganan,Fillet Dada,16,35.91,26.0,9.91,0.724,48000,790019,1248000,457981,Tempo_3H,Belum Lunas
TRX-20260815-1619,2026-08-15,03:43,Pecel Lele & Ayam Lamongan Cak Har,Langganan,Potong 4,6,12.31,9.31,3.0,0.756,35000,270820,325850,55030,Tempo_3H,Belum Lunas
TRX-20260815-1620,2026-08-15,03:45,Bakso Solo Mas Mul,Langganan,Potong 4,31,66.9,48.64,18.26,0.727,35000,1471800,1702400,230600,Tempo_7H,Belum Lunas
TRX-20260815-1621,2026-08-15,07:10,Eceran Umum,Umum,Potong 12,2,3.74,2.73,1.01,0.73,36500,82280,99645,17365,Tunai,Lunas
TRX-20260816-1622,2026-08-16,06:21,Eceran Umum,Umum,Potong 4,2,3.93,2.98,0.95,0.757,35000,86460,104300,17840,Tunai,Lunas
TRX-20260816-1623,2026-08-16,06:30,Depot Mie Pangsit 88,Langganan,Potong 4,16,31.21,23.0,8.21,0.737,35000,686620,805000,118380,Tempo_3H,Belum Lunas
TRX-20260816-1624,2026-08-16,04:34,Eceran Umum,Umum,Fillet Dada,2,4.35,3.23,1.12,0.742,48000,95699,155040,59341,Tunai,Lunas
TRX-20260816-1625,2026-08-16,06:19,Eceran Umum,Umum,Potong 12,2,3.46,2.62,0.84,0.758,36500,76120,95630,19510,Tunai,Lunas
TRX-20260816-1626,2026-08-16,06:37,Eceran Umum,Umum,Potong 8,1,2.16,1.63,0.53,0.753,36500,47520,59494,11974,Tunai,Lunas
TRX-20260816-1627,2026-08-16,04:20,Warung Padang Roda Jaya,Langganan,Karkas Utuh,9,17.35,12.75,4.6,0.735,35000,381700,446250,64550,Tempo_7H,Belum Lunas
TRX-20260816-1628,2026-08-16,08:20,Depot Mie Pangsit 88,Langganan,Fillet Dada,12,26.73,19.62,7.11,0.734,48000,588060,941760,353700,Tempo_3H,Belum Lunas
TRX-20260816-1629,2026-08-16,03:19,Eceran Umum,Umum,Karkas Utuh,1,2.14,1.62,0.52,0.757,35000,47080,56700,9620,Tunai,Lunas
TRX-20260816-1630,2026-08-16,05:40,Eceran Umum,Umum,Fillet Dada,1,2.1,1.52,0.58,0.724,48000,46200,72960,26760,Tunai,Lunas
TRX-20260816-1631,2026-08-16,06:31,Depot Mie Pangsit 88,Langganan,Potong 8,23,48.37,36.62,11.75,0.757,36500,1064140,1336630,272490,Tempo_3H,Belum Lunas
TRX-20260816-1632,2026-08-16,05:27,Eceran Umum,Umum,Fillet Dada,2,3.44,2.57,0.87,0.748,48000,75680,123359,47679,Tunai,Lunas
TRX-20260816-1633,2026-08-16,04:57,Warung Padang Roda Jaya,Langganan,Potong 12,21,48.2,36.01,12.19,0.747,36500,1060400,1314365,253965,Tempo_7H,Belum Lunas
TRX-20260816-1634,2026-08-16,07:34,Eceran Umum,Umum,Karkas Utuh,2,3.48,2.55,0.93,0.732,35000,76560,89250,12690,Tunai,Lunas
TRX-20260816-1635,2026-08-16,05:19,Depot Mie Pangsit 88,Langganan,Potong 8,16,34.85,25.86,8.99,0.742,36500,766700,943890,177190,Tempo_3H,Lunas
TRX-20260816-1636,2026-08-16,04:44,Bakso Solo Mas Mul,Langganan,Karkas Utuh,34,75.53,55.44,20.09,0.734,35000,1661660,1940400,278740,Tempo_7H,Belum Lunas
TRX-20260816-1637,2026-08-16,05:17,Eceran Umum,Umum,Karkas Utuh,1,2.1,1.56,0.54,0.743,35000,46200,54600,8400,Tunai,Lunas
TRX-20260816-1638,2026-08-16,07:03,Warung Padang Roda Jaya,Langganan,Potong 12,9,16.92,12.55,4.37,0.742,36500,372240,458075,85835,Tempo_7H,Belum Lunas
TRX-20260816-1639,2026-08-16,04:12,Eceran Umum,Umum,Potong 12,2,3.69,2.67,1.02,0.723,36500,81180,97455,16275,Tunai,Lunas
TRX-20260816-1640,2026-08-16,05:09,Depot Mie Pangsit 88,Langganan,Potong 8,22,46.67,34.21,12.46,0.733,36500,1026740,1248665,221925,Tempo_3H,Belum Lunas
TRX-20260816-1641,2026-08-16,03:47,Katering Berkah Ibu,Langganan,Fillet Dada,21,38.92,29.42,9.5,0.756,48000,856240,1412160,555920,Tempo_14H,Belum Lunas
TRX-20260816-1642,2026-08-16,04:19,Eceran Umum,Umum,Potong 4,2,3.98,2.91,1.07,0.731,35000,87560,101850,14290,Tunai,Lunas
TRX-20260816-1643,2026-08-16,03:05,Warung Nasi Sunda Ibu Imas,Langganan,Karkas Utuh,14,28.57,20.28,8.29,0.71,35000,628540,709800,81260,Tempo_7H,Lunas
TRX-20260816-1644,2026-08-16,09:10,Eceran Umum,Umum,Potong 4,1,2.11,1.54,0.57,0.728,35000,46420,53900,7480,Tunai,Lunas
TRX-20260816-1645,2026-08-16,10:30,Ayam Geprek Sambal Bawang,Langganan,Karkas Utuh,32,66.35,47.71,18.64,0.719,35000,1459699,1669850,210151,Tunai,Lunas
TRX-20260816-1646,2026-08-16,08:04,Warung Nasi Sunda Ibu Imas,Langganan,Potong 12,18,39.88,29.63,10.25,0.743,36500,877360,1081495,204135,Tempo_7H,Belum Lunas
TRX-20260816-1647,2026-08-16,08:10,Bakso Solo Mas Mul,Langganan,Fillet Dada,30,67.69,48.4,19.29,0.715,48000,1489180,2323200,834020,Tempo_7H,Belum Lunas
TRX-20260816-1648,2026-08-16,04:42,Eceran Umum,Umum,Potong 4,2,4.32,3.07,1.25,0.71,35000,95040,107450,12410,Tunai,Lunas
TRX-20260816-1649,2026-08-16,08:35,Ayam Geprek Sambal Bawang,Langganan,Potong 8,30,57.79,43.23,14.56,0.748,36500,1271380,1577895,306515,Tunai,Belum Lunas
TRX-20260817-1650,2026-08-17,03:57,Ayam Geprek Sambal Bawang,Langganan,Fillet Dada,9,19.81,14.14,5.67,0.714,48000,435820,678720,242900,Tunai,Belum Lunas
TRX-20260817-1651,2026-08-17,05:06,Eceran Umum,Umum,Potong 4,1,2.08,1.53,0.55,0.736,35000,45760,53550,7790,Tunai,Lunas
TRX-20260817-1652,2026-08-17,05:56,Ayam Geprek Sambal Bawang,Langganan,Karkas Utuh,14,28.74,20.72,8.02,0.721,35000,632280,725200,92920,Tunai,Belum Lunas
TRX-20260817-1653,2026-08-17,08:02,Eceran Umum,Umum,Campur,1,1.96,1.46,0.5,0.744,35000,43120,51100,7980,Tunai,Lunas
TRX-20260817-1654,2026-08-17,04:09,Warung Nasi Sunda Ibu Imas,Langganan,Fillet Dada,34,72.6,54.96,17.64,0.757,48000,1597199,2638080,1040881,Tempo_7H,Belum Lunas
TRX-20260817-1655,2026-08-17,06:30,Warung Nasi Sunda Ibu Imas,Langganan,Potong 12,21,42.89,31.44,11.45,0.733,36500,943580,1147560,203980,Tempo_7H,Belum Lunas
TRX-20260817-1656,2026-08-17,05:05,Eceran Umum,Umum,Potong 12,2,3.67,2.61,1.06,0.71,36500,80740,95265,14525,Tunai,Lunas
TRX-20260817-1657,2026-08-17,06:21,Eceran Umum,Umum,Karkas Utuh,2,4.01,2.9,1.11,0.723,35000,88220,101500,13280,Tunai,Lunas
TRX-20260817-1658,2026-08-17,07:58,Ayam Geprek Sambal Bawang,Langganan,Fillet Dada,33,71.15,51.8,19.35,0.728,48000,1565300,2486400,921100,Tunai,Belum Lunas
TRX-20260817-1659,2026-08-17,04:14,Eceran Umum,Umum,Karkas Utuh,1,1.71,1.23,0.48,0.717,35000,37620,43050,5430,Tunai,Lunas
TRX-20260817-1660,2026-08-17,07:57,Katering Berkah Ibu,Langganan,Potong 4,8,16.09,11.63,4.46,0.723,35000,353980,407050,53070,Tempo_14H,Belum Lunas
TRX-20260817-1661,2026-08-17,04:27,Eceran Umum,Umum,Fillet Dada,2,3.45,2.56,0.89,0.743,48000,75900,122880,46980,Tunai,Lunas
TRX-20260817-1662,2026-08-17,03:54,Eceran Umum,Umum,Potong 8,1,1.98,1.44,0.54,0.728,36500,43560,52560,9000,Tunai,Lunas
TRX-20260817-1663,2026-08-17,09:33,Warung Nasi Sunda Ibu Imas,Langganan,Potong 4,24,43.36,31.96,11.4,0.737,35000,953920,1118600,164680,Tempo_7H,Belum Lunas
TRX-20260817-1664,2026-08-17,03:34,Eceran Umum,Umum,Potong 4,2,3.91,2.85,1.06,0.729,35000,86020,99750,13730,Tunai,Lunas
TRX-20260817-1665,2026-08-17,05:02,Eceran Umum,Umum,Potong 8,2,4.17,3.1,1.07,0.744,36500,91740,113150,21410,Tunai,Lunas
TRX-20260817-1666,2026-08-17,06:13,Bakso Solo Mas Mul,Langganan,Potong 4,7,14.48,10.98,3.5,0.758,35000,318560,384300,65740,Tempo_7H,Belum Lunas
TRX-20260817-1667,2026-08-17,03:03,Eceran Umum,Umum,Potong 4,2,3.45,2.51,0.94,0.728,35000,75900,87849,11949,Tunai,Lunas
TRX-20260817-1668,2026-08-17,04:28,Warung Nasi Sunda Ibu Imas,Langganan,Fillet Dada,7,12.68,9.57,3.11,0.755,48000,278960,459360,180400,Tempo_7H,Belum Lunas
TRX-20260817-1669,2026-08-17,08:02,Warung Padang Roda Jaya,Langganan,Potong 8,29,54.7,41.08,13.62,0.751,36500,1203400,1499420,296020,Tempo_7H,Belum Lunas
TRX-20260817-1670,2026-08-17,09:55,Warung Nasi Sunda Ibu Imas,Langganan,Potong 12,19,37.7,27.97,9.73,0.742,36500,829400,1020905,191505,Tempo_7H,Lunas
TRX-20260817-1671,2026-08-17,06:08,Ayam Geprek Sambal Bawang,Langganan,Potong 8,30,61.63,45.05,16.58,0.731,36500,1355860,1644325,288465,Tunai,Belum Lunas
TRX-20260818-1672,2026-08-18,09:19,Warung Nasi Sunda Ibu Imas,Langganan,Potong 8,30,67.5,50.22,17.28,0.744,36500,1485000,1833030,348030,Tempo_7H,Belum Lunas
TRX-20260818-1673,2026-08-18,09:48,Bakso Solo Mas Mul,Langganan,Potong 4,18,32.58,24.24,8.34,0.744,35000,716760,848400,131640,Tempo_7H,Belum Lunas
TRX-20260818-1674,2026-08-18,08:06,Eceran Umum,Umum,Fillet Dada,2,4.01,2.92,1.09,0.728,48000,88220,140160,51940,Tunai,Lunas
TRX-20260818-1675,2026-08-18,07:14,Eceran Umum,Umum,Karkas Utuh,1,1.79,1.33,0.46,0.743,35000,39380,46550,7170,Tunai,Lunas
TRX-20260818-1676,2026-08-18,04:14,Katering Berkah Ibu,Langganan,Campur,7,15.27,11.09,4.18,0.726,35000,335940,388150,52210,Tempo_14H,Belum Lunas
TRX-20260818-1677,2026-08-18,04:47,Eceran Umum,Umum,Potong 12,2,4.24,3.16,1.08,0.746,36500,93280,115340,22060,Tunai,Lunas
TRX-20260818-1678,2026-08-18,06:41,Warung Nasi Sunda Ibu Imas,Langganan,Potong 8,33,69.3,52.6,16.7,0.759,36500,1524600,1919900,395300,Tempo_7H,Belum Lunas
TRX-20260818-1679,2026-08-18,06:08,Eceran Umum,Umum,Potong 12,1,1.99,1.48,0.51,0.744,36500,43780,54020,10240,Tunai,Lunas
TRX-20260818-1680,2026-08-18,03:29,Warung Nasi Sunda Ibu Imas,Langganan,Campur,27,57.24,42.36,14.88,0.74,35000,1259280,1482600,223320,Tempo_7H,Lunas
TRX-20260818-1681,2026-08-18,06:00,Eceran Umum,Umum,Karkas Utuh,1,2.12,1.54,0.58,0.726,35000,46640,53900,7260,Tunai,Lunas
TRX-20260818-1682,2026-08-18,09:19,Warung Padang Roda Jaya,Langganan,Potong 12,9,18.93,14.16,4.77,0.748,36500,416460,516840,100380,Tempo_7H,Belum Lunas
TRX-20260818-1683,2026-08-18,07:24,Ayam Geprek Sambal Bawang,Langganan,Karkas Utuh,32,63.74,45.7,18.04,0.717,35000,1402280,1599500,197220,Tunai,Belum Lunas
TRX-20260818-1684,2026-08-18,03:22,Katering Berkah Ibu,Langganan,Potong 4,21,42.34,31.46,10.88,0.743,35000,931480,1101100,169620,Tempo_14H,Belum Lunas
TRX-20260818-1685,2026-08-18,03:49,Eceran Umum,Umum,Karkas Utuh,1,2.16,1.58,0.58,0.731,35000,47520,55300,7780,Tunai,Lunas
TRX-20260818-1686,2026-08-18,06:18,Eceran Umum,Umum,Karkas Utuh,1,1.92,1.44,0.48,0.75,35000,42240,50400,8160,Tunai,Lunas
TRX-20260818-1687,2026-08-18,03:58,Depot Mie Pangsit 88,Langganan,Potong 8,23,47.27,34.79,12.48,0.736,36500,1039940,1269835,229895,Tempo_3H,Belum Lunas
TRX-20260818-1688,2026-08-18,04:02,Warung Padang Roda Jaya,Langganan,Potong 8,13,24.51,17.92,6.59,0.731,36500,539220,654080,114860,Tempo_7H,Lunas
TRX-20260819-1689,2026-08-19,04:45,Warung Padang Roda Jaya,Langganan,Fillet Dada,21,48.0,36.43,11.57,0.759,48000,1056000,1748640,692640,Tempo_7H,Belum Lunas
TRX-20260819-1690,2026-08-19,08:20,Eceran Umum,Umum,Karkas Utuh,2,4.23,3.09,1.14,0.73,35000,93060,108150,15090,Tunai,Lunas
TRX-20260819-1691,2026-08-19,07:18,Eceran Umum,Umum,Potong 12,1,1.83,1.35,0.48,0.74,36500,40260,49275,9015,Tunai,Lunas
TRX-20260819-1692,2026-08-19,04:36,Eceran Umum,Umum,Campur,2,3.93,2.94,0.99,0.748,35000,86460,102900,16440,Tunai,Lunas
TRX-20260819-1693,2026-08-19,06:54,Bakso Solo Mas Mul,Langganan,Karkas Utuh,17,34.31,24.43,9.88,0.712,35000,754820,855050,100230,Tempo_7H,Lunas
TRX-20260819-1694,2026-08-19,03:49,Bakso Solo Mas Mul,Langganan,Potong 4,24,53.91,40.0,13.91,0.742,35000,1186020,1400000,213980,Tempo_7H,Lunas
TRX-20260819-1695,2026-08-19,06:49,Eceran Umum,Umum,Potong 8,2,3.63,2.74,0.89,0.755,36500,79860,100010,20150,Tunai,Lunas
TRX-20260819-1696,2026-08-19,04:17,Warung Padang Roda Jaya,Langganan,Karkas Utuh,13,28.82,20.89,7.93,0.725,35000,634040,731150,97110,Tempo_7H,Belum Lunas
TRX-20260819-1697,2026-08-19,03:35,Eceran Umum,Umum,Potong 8,2,4.05,2.93,1.12,0.724,36500,89100,106945,17845,Tunai,Lunas
TRX-20260819-1698,2026-08-19,09:27,Eceran Umum,Umum,Potong 12,1,2.1,1.57,0.53,0.747,36500,46200,57305,11105,Tunai,Lunas
TRX-20260819-1699,2026-08-19,03:26,Eceran Umum,Umum,Campur,2,4.13,3.07,1.06,0.743,35000,90860,107450,16590,Tunai,Lunas
TRX-20260819-1700,2026-08-19,06:39,Eceran Umum,Umum,Potong 12,2,3.41,2.54,0.87,0.744,36500,75020,92710,17690,Tunai,Lunas
TRX-20260819-1701,2026-08-19,06:50,Eceran Umum,Umum,Potong 8,1,2.08,1.48,0.6,0.713,36500,45760,54020,8260,Tunai,Lunas
TRX-20260819-1702,2026-08-19,04:47,Pecel Lele & Ayam Lamongan Cak Har,Langganan,Fillet Dada,33,65.01,47.78,17.23,0.735,48000,1430220,2293440,863220,Tempo_3H,Belum Lunas
TRX-20260819-1703,2026-08-19,05:58,Eceran Umum,Umum,Potong 8,2,4.25,3.13,1.12,0.736,36500,93500,114245,20745,Tunai,Lunas
TRX-20260819-1704,2026-08-19,07:50,Bakso Solo Mas Mul,Langganan,Campur,7,14.13,10.63,3.5,0.752,35000,310860,372050,61190,Tempo_7H,Belum Lunas
TRX-20260819-1705,2026-08-19,04:03,Bakso Solo Mas Mul,Langganan,Potong 4,23,48.92,34.78,14.14,0.711,35000,1076240,1217300,141060,Tempo_7H,Lunas
TRX-20260819-1706,2026-08-19,09:07,Pecel Lele & Ayam Lamongan Cak Har,Langganan,Potong 8,27,53.47,38.02,15.45,0.711,36500,1176340,1387730,211390,Tempo_3H,Lunas
TRX-20260819-1707,2026-08-19,09:37,Bakso Solo Mas Mul,Langganan,Potong 8,20,38.54,27.63,10.91,0.717,36500,847880,1008495,160615,Tempo_7H,Lunas
TRX-20260819-1708,2026-08-19,03:36,Depot Mie Pangsit 88,Langganan,Potong 8,16,30.98,22.31,8.67,0.72,36500,681560,814315,132755,Tempo_3H,Belum Lunas
TRX-20260820-1709,2026-08-20,04:58,Ayam Geprek Sambal Bawang,Langganan,Fillet Dada,22,39.8,29.69,10.11,0.746,48000,875599,1425120,549521,Tunai,Belum Lunas
TRX-20260820-1710,2026-08-20,05:30,Eceran Umum,Umum,Campur,2,3.41,2.45,0.96,0.718,35000,75020,85750,10730,Tunai,Lunas
TRX-20260820-1711,2026-08-20,06:21,Katering Berkah Ibu,Langganan,Potong 12,27,58.91,43.83,15.08,0.744,36500,1296020,1599795,303775,Tempo_14H,Belum Lunas
TRX-20260820-1712,2026-08-20,03:55,Warung Padang Roda Jaya,Langganan,Potong 8,13,26.14,19.66,6.48,0.752,36500,575080,717590,142510,Tempo_7H,Belum Lunas
TRX-20260820-1713,2026-08-20,05:06,Eceran Umum,Umum,Fillet Dada,2,3.52,2.57,0.95,0.731,48000,77440,123359,45919,Tunai,Lunas
TRX-20260820-1714,2026-08-20,03:16,Eceran Umum,Umum,Karkas Utuh,1,2.16,1.57,0.59,0.729,35000,47520,54950,7430,Tunai,Lunas
TRX-20260820-1715,2026-08-20,05:14,Bakso Solo Mas Mul,Langganan,Fillet Dada,5,11.35,8.36,2.99,0.737,48000,249700,401280,151580,Tempo_7H,Belum Lunas
TRX-20260820-1716,2026-08-20,03:03,Eceran Umum,Umum,Potong 12,1,1.94,1.4,0.54,0.72,36500,42680,51100,8420,Tunai,Lunas
TRX-20260820-1717,2026-08-20,10:17,Depot Mie Pangsit 88,Langganan,Campur,5,10.27,7.55,2.72,0.735,35000,225940,264250,38310,Tempo_3H,Belum Lunas
TRX-20260820-1718,2026-08-20,07:26,Ayam Geprek Sambal Bawang,Langganan,Karkas Utuh,9,17.21,12.6,4.61,0.732,35000,378620,441000,62380,Tunai,Belum Lunas
TRX-20260820-1719,2026-08-20,08:24,Pecel Lele & Ayam Lamongan Cak Har,Langganan,Fillet Dada,19,42.39,30.48,11.91,0.719,48000,932580,1463040,530460,Tempo_3H,Belum Lunas
TRX-20260820-1720,2026-08-20,04:39,Eceran Umum,Umum,Potong 12,2,3.82,2.77,1.05,0.725,36500,84040,101105,17065,Tunai,Lunas
TRX-20260820-1721,2026-08-20,08:51,Ayam Geprek Sambal Bawang,Langganan,Potong 8,29,57.89,41.91,15.98,0.724,36500,1273580,1529714,256134,Tunai,Belum Lunas
TRX-20260820-1722,2026-08-20,04:09,Katering Berkah Ibu,Langganan,Potong 4,20,40.02,30.06,9.96,0.751,35000,880440,1052100,171660,Tempo_14H,Lunas
TRX-20260820-1723,2026-08-20,05:41,Pecel Lele & Ayam Lamongan Cak Har,Langganan,Karkas Utuh,17,39.0,29.21,9.79,0.749,35000,858000,1022350,164350,Tempo_3H,Belum Lunas
TRX-20260820-1724,2026-08-20,05:14,Eceran Umum,Umum,Potong 8,1,1.97,1.49,0.48,0.754,36500,43340,54385,11045,Tunai,Lunas
TRX-20260820-1725,2026-08-20,04:29,Katering Berkah Ibu,Langganan,Fillet Dada,33,71.33,53.07,18.26,0.744,48000,1569260,2547360,978100,Tempo_14H,Belum Lunas
TRX-20260820-1726,2026-08-20,03:40,Pecel Lele & Ayam Lamongan Cak Har,Langganan,Potong 8,33,67.48,48.32,19.16,0.716,36500,1484560,1763680,279120,Tempo_3H,Belum Lunas
TRX-20260821-1727,2026-08-21,08:59,Eceran Umum,Umum,Potong 8,1,1.97,1.48,0.49,0.752,36500,43340,54020,10680,Tunai,Lunas
TRX-20260821-1728,2026-08-21,03:40,Ayam Geprek Sambal Bawang,Langganan,Potong 8,27,49.17,36.39,12.78,0.74,36500,1081740,1328235,246495,Tunai,Belum Lunas
TRX-20260821-1729,2026-08-21,06:59,Eceran Umum,Umum,Potong 4,1,1.77,1.32,0.45,0.745,35000,38940,46200,7260,Tunai,Lunas
TRX-20260821-1730,2026-08-21,06:44,Pecel Lele & Ayam Lamongan Cak Har,Langganan,Potong 8,6,12.94,9.42,3.52,0.728,36500,284680,343830,59150,Tempo_3H,Belum Lunas
TRX-20260821-1731,2026-08-21,05:47,Eceran Umum,Umum,Potong 12,2,3.5,2.51,0.99,0.716,36500,77000,91614,14614,Tunai,Lunas
TRX-20260821-1732,2026-08-21,04:50,Pecel Lele & Ayam Lamongan Cak Har,Langganan,Fillet Dada,8,16.98,12.51,4.47,0.737,48000,373560,600480,226920,Tempo_3H,Belum Lunas
TRX-20260821-1733,2026-08-21,05:06,Eceran Umum,Umum,Fillet Dada,1,1.93,1.4,0.53,0.725,48000,42460,67200,24740,Tunai,Lunas
TRX-20260821-1734,2026-08-21,03:03,Depot Mie Pangsit 88,Langganan,Potong 8,21,43.75,32.64,11.11,0.746,36500,962500,1191360,228860,Tempo_3H,Belum Lunas
TRX-20260821-1735,2026-08-21,07:08,Warung Padang Roda Jaya,Langganan,Potong 8,22,43.31,31.83,11.48,0.735,36500,952820,1161795,208975,Tempo_7H,Belum Lunas
TRX-20260821-1736,2026-08-21,04:28,Eceran Umum,Umum,Fillet Dada,2,3.45,2.47,0.98,0.716,48000,75900,118560,42660,Tunai,Lunas
TRX-20260821-1737,2026-08-21,05:54,Eceran Umum,Umum,Karkas Utuh,1,2.1,1.55,0.55,0.736,35000,46200,54250,8050,Tunai,Lunas
TRX-20260821-1738,2026-08-21,04:59,Bakso Solo Mas Mul,Langganan,Fillet Dada,7,13.05,9.88,3.17,0.757,48000,287100,474240,187140,Tempo_7H,Belum Lunas
TRX-20260821-1739,2026-08-21,05:57,Eceran Umum,Umum,Potong 4,1,1.88,1.4,0.48,0.747,35000,41360,49000,7640,Tunai,Lunas
TRX-20260821-1740,2026-08-21,04:13,Warung Padang Roda Jaya,Langganan,Karkas Utuh,8,16.5,12.14,4.36,0.736,35000,363000,424900,61900,Tempo_7H,Belum Lunas
TRX-20260821-1741,2026-08-21,05:04,Eceran Umum,Umum,Fillet Dada,2,3.67,2.64,1.03,0.718,48000,80740,126720,45980,Tunai,Lunas
TRX-20260821-1742,2026-08-21,04:52,Bakso Solo Mas Mul,Langganan,Potong 8,12,23.51,16.76,6.75,0.713,36500,517220,611740,94520,Tempo_7H,Belum Lunas
TRX-20260821-1743,2026-08-21,06:50,Ayam Geprek Sambal Bawang,Langganan,Karkas Utuh,7,12.91,9.71,3.2,0.752,35000,284020,339850,55830,Tunai,Belum Lunas
TRX-20260821-1744,2026-08-21,07:31,Pecel Lele & Ayam Lamongan Cak Har,Langganan,Karkas Utuh,28,63.4,45.96,17.44,0.725,35000,1394800,1608600,213800,Tempo_3H,Belum Lunas
TRX-20260821-1745,2026-08-21,04:32,Katering Berkah Ibu,Langganan,Potong 4,8,17.56,12.99,4.57,0.74,35000,386320,454650,68330,Tempo_14H,Belum Lunas
TRX-20260822-1746,2026-08-22,05:35,Bakso Solo Mas Mul,Langganan,Potong 8,20,45.29,34.24,11.05,0.756,36500,996380,1249760,253380,Tempo_7H,Belum Lunas
TRX-20260822-1747,2026-08-22,04:11,Ayam Geprek Sambal Bawang,Langganan,Potong 12,32,65.31,47.68,17.63,0.73,36500,1436820,1740320,303500,Tunai,Belum Lunas
TRX-20260822-1748,2026-08-22,05:42,Pecel Lele & Ayam Lamongan Cak Har,Langganan,Fillet Dada,14,25.9,18.86,7.04,0.728,48000,569800,905280,335480,Tempo_3H,Belum Lunas
TRX-20260822-1749,2026-08-22,07:09,Eceran Umum,Umum,Potong 8,1,1.74,1.25,0.49,0.719,36500,38280,45625,7345,Tunai,Lunas
TRX-20260822-1750,2026-08-22,06:30,Ayam Geprek Sambal Bawang,Langganan,Karkas Utuh,31,61.56,44.63,16.93,0.725,35000,1354320,1562050,207730,Tunai,Belum Lunas
TRX-20260822-1751,2026-08-22,06:40,Warung Nasi Sunda Ibu Imas,Langganan,Potong 4,32,63.29,46.77,16.52,0.739,35000,1392380,1636950,244570,Tempo_7H,Belum Lunas
TRX-20260822-1752,2026-08-22,03:48,Katering Berkah Ibu,Langganan,Fillet Dada,31,59.41,44.85,14.56,0.755,48000,1307020,2152800,845780,Tempo_14H,Lunas
TRX-20260822-1753,2026-08-22,04:16,Eceran Umum,Umum,Potong 8,2,3.62,2.6,1.02,0.718,36500,79640,94900,15260,Tunai,Lunas
TRX-20260822-1754,2026-08-22,05:19,Eceran Umum,Umum,Potong 4,1,1.93,1.38,0.55,0.713,35000,42460,48299,5839,Tunai,Lunas
TRX-20260822-1755,2026-08-22,04:43,Bakso Solo Mas Mul,Langganan,Potong 12,9,18.77,14.06,4.71,0.749,36500,412940,513190,100250,Tempo_7H,Belum Lunas
TRX-20260822-1756,2026-08-22,04:30,Eceran Umum,Umum,Karkas Utuh,1,2.15,1.54,0.61,0.714,35000,47300,53900,6600,Tunai,Lunas
TRX-20260822-1757,2026-08-22,05:21,Eceran Umum,Umum,Potong 8,1,1.77,1.31,0.46,0.742,36500,38940,47815,8875,Tunai,Lunas
TRX-20260822-1758,2026-08-22,10:22,Warung Nasi Sunda Ibu Imas,Langganan,Potong 4,6,13.37,9.57,3.8,0.716,35000,294140,334950,40810,Tempo_7H,Belum Lunas
TRX-20260822-1759,2026-08-22,04:32,Eceran Umum,Umum,Potong 12,2,4.1,2.96,1.14,0.723,36500,90199,108040,17841,Tunai,Lunas
TRX-20260822-1760,2026-08-22,03:27,Eceran Umum,Umum,Potong 8,2,3.42,2.6,0.82,0.759,36500,75240,94900,19660,Tunai,Lunas
TRX-20260822-1761,2026-08-22,07:26,Eceran Umum,Umum,Karkas Utuh,2,3.53,2.59,0.94,0.735,35000,77660,90650,12990,Tunai,Lunas
TRX-20260822-1762,2026-08-22,06:17,Eceran Umum,Umum,Potong 8,2,3.67,2.77,0.9,0.754,36500,80740,101105,20365,Tunai,Lunas
TRX-20260822-1763,2026-08-22,08:26,Pecel Lele & Ayam Lamongan Cak Har,Langganan,Fillet Dada,21,41.03,31.14,9.89,0.759,48000,902660,1494720,592060,Tempo_3H,Belum Lunas
TRX-20260822-1764,2026-08-22,03:49,Eceran Umum,Umum,Karkas Utuh,1,1.76,1.3,0.46,0.737,35000,38720,45500,6780,Tunai,Lunas
TRX-20260822-1765,2026-08-22,06:00,Pecel Lele & Ayam Lamongan Cak Har,Langganan,Potong 8,13,26.7,20.05,6.65,0.751,36500,587400,731825,144425,Tempo_3H,Belum Lunas
TRX-20260822-1766,2026-08-22,05:44,Ayam Geprek Sambal Bawang,Langganan,Karkas Utuh,15,31.24,22.56,8.68,0.722,35000,687280,789600,102320,Tunai,Belum Lunas
TRX-20260822-1767,2026-08-22,04:59,Katering Berkah Ibu,Langganan,Fillet Dada,32,57.95,41.14,16.81,0.71,48000,1274900,1974720,699820,Tempo_14H,Lunas
TRX-20260822-1768,2026-08-22,04:07,Eceran Umum,Umum,Fillet Dada,2,3.53,2.6,0.93,0.737,48000,77660,124800,47140,Tunai,Lunas
TRX-20260822-1769,2026-08-22,06:12,Pecel Lele & Ayam Lamongan Cak Har,Langganan,Potong 8,24,51.65,38.53,13.12,0.746,36500,1136300,1406345,270045,Tempo_3H,Lunas
TRX-20260822-1770,2026-08-22,06:47,Bakso Solo Mas Mul,Langganan,Potong 8,16,32.18,24.2,7.98,0.752,36500,707960,883300,175340,Tempo_7H,Belum Lunas
TRX-20260822-1771,2026-08-22,05:32,Bakso Solo Mas Mul,Langganan,Fillet Dada,19,34.85,25.93,8.92,0.744,48000,766700,1244640,477940,Tempo_7H,Belum Lunas
TRX-20260822-1772,2026-08-22,04:39,Pecel Lele & Ayam Lamongan Cak Har,Langganan,Potong 4,28,62.94,46.51,16.43,0.739,35000,1384680,1627850,243170,Tempo_3H,Belum Lunas
TRX-20260822-1773,2026-08-22,06:34,Eceran Umum,Umum,Karkas Utuh,1,1.85,1.38,0.47,0.748,35000,40700,48299,7599,Tunai,Lunas
TRX-20260822-1774,2026-08-22,05:54,Eceran Umum,Umum,Potong 8,2,3.74,2.8,0.94,0.749,36500,82280,102200,19920,Tunai,Lunas
TRX-20260822-1775,2026-08-22,03:51,Depot Mie Pangsit 88,Langganan,Potong 12,8,18.04,12.97,5.07,0.719,36500,396880,473405,76525,Tempo_3H,Belum Lunas
TRX-20260822-1776,2026-08-22,04:45,Eceran Umum,Umum,Karkas Utuh,1,1.8,1.35,0.45,0.749,35000,39600,47250,7650,Tunai,Lunas
TRX-20260823-1777,2026-08-23,07:29,Warung Nasi Sunda Ibu Imas,Langganan,Karkas Utuh,11,23.29,17.51,5.78,0.752,35000,512380,612850,100470,Tempo_7H,Belum Lunas
TRX-20260823-1778,2026-08-23,06:16,Eceran Umum,Umum,Fillet Dada,1,1.96,1.43,0.53,0.728,48000,43120,68640,25520,Tunai,Lunas
TRX-20260823-1779,2026-08-23,03:05,Depot Mie Pangsit 88,Langganan,Potong 4,12,23.33,17.59,5.74,0.754,35000,513259,615650,102391,Tempo_3H,Belum Lunas
TRX-20260823-1780,2026-08-23,05:12,Bakso Solo Mas Mul,Langganan,Potong 8,18,35.61,26.71,8.9,0.75,36500,783420,974915,191495,Tempo_7H,Belum Lunas
TRX-20260823-1781,2026-08-23,03:31,Ayam Geprek Sambal Bawang,Langganan,Campur,28,52.22,37.29,14.93,0.714,35000,1148840,1305150,156310,Tunai,Lunas
TRX-20260823-1782,2026-08-23,06:19,Depot Mie Pangsit 88,Langganan,Potong 8,21,41.29,30.6,10.69,0.741,36500,908380,1116900,208520,Tempo_3H,Belum Lunas
TRX-20260823-1783,2026-08-23,07:14,Warung Nasi Sunda Ibu Imas,Langganan,Potong 4,6,13.37,9.83,3.54,0.735,35000,294140,344050,49910,Tempo_7H,Lunas
TRX-20260823-1784,2026-08-23,03:58,Eceran Umum,Umum,Fillet Dada,1,1.82,1.32,0.5,0.725,48000,40040,63360,23320,Tunai,Lunas
TRX-20260823-1785,2026-08-23,04:20,Depot Mie Pangsit 88,Langganan,Potong 4,7,13.03,9.58,3.45,0.735,35000,286660,335300,48640,Tempo_3H,Belum Lunas
TRX-20260823-1786,2026-08-23,03:03,Eceran Umum,Umum,Potong 8,1,1.76,1.25,0.51,0.713,36500,38720,45625,6905,Tunai,Lunas
TRX-20260823-1787,2026-08-23,06:43,Warung Nasi Sunda Ibu Imas,Langganan,Potong 8,23,50.1,37.52,12.58,0.749,36500,1102200,1369480,267280,Tempo_7H,Belum Lunas
TRX-20260823-1788,2026-08-23,03:11,Eceran Umum,Umum,Fillet Dada,1,1.8,1.36,0.44,0.756,48000,39600,65280,25680,Tunai,Lunas
TRX-20260823-1789,2026-08-23,10:26,Ayam Geprek Sambal Bawang,Langganan,Karkas Utuh,16,30.74,22.96,7.78,0.747,35000,676280,803600,127320,Tunai,Belum Lunas
TRX-20260823-1790,2026-08-23,03:29,Eceran Umum,Umum,Potong 4,2,3.85,2.8,1.05,0.726,35000,84700,98000,13300,Tunai,Lunas
TRX-20260823-1791,2026-08-23,05:17,Pecel Lele & Ayam Lamongan Cak Har,Langganan,Potong 12,21,46.36,34.49,11.87,0.744,36500,1019920,1258885,238965,Tempo_3H,Belum Lunas
TRX-20260823-1792,2026-08-23,07:25,Eceran Umum,Umum,Potong 8,1,2.15,1.63,0.52,0.756,36500,47300,59494,12194,Tunai,Lunas
TRX-20260823-1793,2026-08-23,04:52,Eceran Umum,Umum,Fillet Dada,2,4.23,3.08,1.15,0.727,48000,93060,147840,54780,Tunai,Lunas
TRX-20260823-1794,2026-08-23,05:52,Eceran Umum,Umum,Karkas Utuh,2,3.53,2.51,1.02,0.712,35000,77660,87849,10189,Tunai,Lunas
TRX-20260823-1795,2026-08-23,07:03,Katering Berkah Ibu,Langganan,Potong 4,14,31.88,23.46,8.42,0.736,35000,701360,821100,119740,Tempo_14H,Belum Lunas
TRX-20260823-1796,2026-08-23,07:22,Warung Nasi Sunda Ibu Imas,Langganan,Potong 8,31,64.3,47.13,17.17,0.733,36500,1414600,1720245,305645,Tempo_7H,Belum Lunas
TRX-20260823-1797,2026-08-23,04:09,Eceran Umum,Umum,Potong 4,2,3.72,2.71,1.01,0.729,35000,81840,94850,13010,Tunai,Lunas
TRX-20260823-1798,2026-08-23,03:43,Depot Mie Pangsit 88,Langganan,Potong 8,13,29.36,21.52,7.84,0.733,36500,645920,785480,139560,Tempo_3H,Belum Lunas
TRX-20260823-1799,2026-08-23,03:19,Eceran Umum,Umum,Potong 8,2,3.79,2.8,0.99,0.739,36500,83380,102200,18820,Tunai,Lunas
TRX-20260823-1800,2026-08-23,03:06,Eceran Umum,Umum,Karkas Utuh,1,1.75,1.26,0.49,0.718,35000,38500,44100,5600,Tunai,Lunas
TRX-20260823-1801,2026-08-23,03:47,Warung Nasi Sunda Ibu Imas,Langganan,Karkas Utuh,10,22.37,16.22,6.15,0.725,35000,492140,567700,75560,Tempo_7H,Belum Lunas
TRX-20260823-1802,2026-08-23,06:38,Eceran Umum,Umum,Potong 12,1,2.09,1.54,0.55,0.736,36500,45980,56210,10230,Tunai,Lunas
TRX-20260823-1803,2026-08-23,05:33,Ayam Geprek Sambal Bawang,Langganan,Potong 8,23,42.73,32.3,10.43,0.756,36500,940059,1178950,238891,Tunai,Belum Lunas
TRX-20260823-1804,2026-08-23,08:00,Eceran Umum,Umum,Potong 12,2,3.66,2.76,0.9,0.755,36500,80520,100739,20219,Tunai,Lunas
TRX-20260823-1805,2026-08-23,04:17,Ayam Geprek Sambal Bawang,Langganan,Potong 12,25,57.18,41.86,15.32,0.732,36500,1257960,1527890,269930,Tunai,Lunas
TRX-20260823-1806,2026-08-23,05:10,Bakso Solo Mas Mul,Langganan,Potong 12,22,45.13,32.81,12.32,0.727,36500,992860,1197565,204705,Tempo_7H,Belum Lunas
TRX-20260823-1807,2026-08-23,08:47,Warung Padang Roda Jaya,Langganan,Potong 4,16,35.61,26.28,9.33,0.738,35000,783420,919800,136380,Tempo_7H,Lunas
TRX-20260824-1808,2026-08-24,05:42,Katering Berkah Ibu,Langganan,Potong 8,7,14.74,11.01,3.73,0.747,36500,324280,401865,77585,Tempo_14H,Belum Lunas
TRX-20260824-1809,2026-08-24,04:46,Katering Berkah Ibu,Langganan,Potong 12,7,14.88,11.13,3.75,0.748,36500,327360,406245,78885,Tempo_14H,Belum Lunas
TRX-20260824-1810,2026-08-24,07:32,Warung Padang Roda Jaya,Langganan,Potong 4,31,64.55,48.93,15.62,0.758,35000,1420100,1712550,292450,Tempo_7H,Belum Lunas
TRX-20260824-1811,2026-08-24,06:50,Depot Mie Pangsit 88,Langganan,Karkas Utuh,15,29.49,22.38,7.11,0.759,35000,648780,783300,134520,Tempo_3H,Belum Lunas
TRX-20260824-1812,2026-08-24,05:21,Eceran Umum,Umum,Karkas Utuh,1,1.94,1.47,0.47,0.756,35000,42680,51450,8770,Tunai,Lunas
TRX-20260824-1813,2026-08-24,06:39,Bakso Solo Mas Mul,Langganan,Karkas Utuh,12,21.79,16.1,5.69,0.739,35000,479380,563500,84120,Tempo_7H,Belum Lunas
TRX-20260824-1814,2026-08-24,04:34,Eceran Umum,Umum,Potong 4,1,1.73,1.27,0.46,0.732,35000,38060,44450,6390,Tunai,Lunas
TRX-20260824-1815,2026-08-24,06:37,Eceran Umum,Umum,Potong 4,1,1.86,1.39,0.47,0.747,35000,40920,48650,7730,Tunai,Lunas
TRX-20260824-1816,2026-08-24,04:10,Ayam Geprek Sambal Bawang,Langganan,Fillet Dada,8,14.6,10.63,3.97,0.728,48000,321200,510240,189040,Tunai,Lunas
TRX-20260824-1817,2026-08-24,03:01,Eceran Umum,Umum,Potong 4,2,3.69,2.77,0.92,0.752,35000,81180,96950,15770,Tunai,Lunas
TRX-20260824-1818,2026-08-24,09:31,Eceran Umum,Umum,Karkas Utuh,1,2.17,1.62,0.55,0.745,35000,47740,56700,8960,Tunai,Lunas
TRX-20260824-1819,2026-08-24,04:09,Ayam Geprek Sambal Bawang,Langganan,Potong 8,31,62.38,46.91,15.47,0.752,36500,1372360,1712214,339854,Tunai,Belum Lunas
TRX-20260824-1820,2026-08-24,07:32,Eceran Umum,Umum,Campur,2,3.92,2.83,1.09,0.721,35000,86240,99050,12810,Tunai,Lunas
TRX-20260824-1821,2026-08-24,05:23,Depot Mie Pangsit 88,Langganan,Potong 8,6,12.69,9.21,3.48,0.726,36500,279180,336165,56985,Tempo_3H,Lunas
TRX-20260824-1822,2026-08-24,07:58,Ayam Geprek Sambal Bawang,Langganan,Fillet Dada,14,30.83,22.85,7.98,0.741,48000,678260,1096800,418540,Tunai,Lunas
TRX-20260824-1823,2026-08-24,05:57,Depot Mie Pangsit 88,Langganan,Karkas Utuh,5,10.13,7.27,2.86,0.718,35000,222860,254449,31589,Tempo_3H,Belum Lunas
TRX-20260825-1824,2026-08-25,04:48,Eceran Umum,Umum,Potong 8,1,1.77,1.32,0.45,0.744,36500,38940,48180,9240,Tunai,Lunas
TRX-20260825-1825,2026-08-25,04:14,Depot Mie Pangsit 88,Langganan,Potong 8,19,37.92,27.23,10.69,0.718,36500,834240,993895,159655,Tempo_3H,Belum Lunas
TRX-20260825-1826,2026-08-25,05:43,Depot Mie Pangsit 88,Langganan,Fillet Dada,8,16.86,12.7,4.16,0.753,48000,370920,609600,238680,Tempo_3H,Belum Lunas
TRX-20260825-1827,2026-08-25,04:37,Depot Mie Pangsit 88,Langganan,Karkas Utuh,34,71.65,53.88,17.77,0.752,35000,1576300,1885800,309500,Tempo_3H,Lunas
TRX-20260825-1828,2026-08-25,04:54,Eceran Umum,Umum,Potong 8,2,3.95,2.97,0.98,0.752,36500,86900,108405,21505,Tunai,Lunas
TRX-20260825-1829,2026-08-25,06:36,Warung Padang Roda Jaya,Langganan,Karkas Utuh,23,52.02,38.6,13.42,0.742,35000,1144440,1351000,206560,Tempo_7H,Belum Lunas
TRX-20260825-1830,2026-08-25,08:56,Eceran Umum,Umum,Potong 4,1,1.73,1.31,0.42,0.758,35000,38060,45850,7790,Tunai,Lunas
TRX-20260825-1831,2026-08-25,08:36,Pecel Lele & Ayam Lamongan Cak Har,Langganan,Karkas Utuh,17,36.38,26.41,9.97,0.726,35000,800360,924350,123990,Tempo_3H,Belum Lunas
TRX-20260825-1832,2026-08-25,07:39,Eceran Umum,Umum,Fillet Dada,1,2.15,1.59,0.56,0.739,48000,47300,76320,29020,Tunai,Lunas
TRX-20260825-1833,2026-08-25,04:30,Eceran Umum,Umum,Potong 4,2,4.39,3.33,1.06,0.759,35000,96580,116550,19970,Tunai,Lunas
TRX-20260825-1834,2026-08-25,05:49,Katering Berkah Ibu,Langganan,Karkas Utuh,30,55.52,40.31,15.21,0.726,35000,1221440,1410850,189410,Tempo_14H,Lunas
TRX-20260825-1835,2026-08-25,04:55,Eceran Umum,Umum,Fillet Dada,1,1.93,1.41,0.52,0.733,48000,42460,67680,25220,Tunai,Lunas
TRX-20260825-1836,2026-08-25,08:40,Eceran Umum,Umum,Potong 12,1,1.79,1.3,0.49,0.726,36500,39380,47450,8070,Tunai,Lunas
TRX-20260825-1837,2026-08-25,03:03,Eceran Umum,Umum,Fillet Dada,2,3.93,2.94,0.99,0.748,48000,86460,141120,54660,Tunai,Lunas
TRX-20260825-1838,2026-08-25,09:15,Eceran Umum,Umum,Fillet Dada,1,1.77,1.33,0.44,0.754,48000,38940,63840,24900,Tunai,Lunas
TRX-20260825-1839,2026-08-25,03:38,Warung Padang Roda Jaya,Langganan,Potong 4,12,26.26,19.51,6.75,0.743,35000,577720,682850,105130,Tempo_7H,Lunas
TRX-20260825-1840,2026-08-25,03:32,Eceran Umum,Umum,Potong 8,2,3.97,3.01,0.96,0.758,36500,87340,109864,22524,Tunai,Lunas
TRX-20260825-1841,2026-08-25,10:16,Eceran Umum,Umum,Potong 8,2,3.84,2.87,0.97,0.747,36500,84480,104755,20275,Tunai,Lunas
TRX-20260825-1842,2026-08-25,03:09,Eceran Umum,Umum,Potong 4,2,4.05,2.99,1.06,0.738,35000,89100,104650,15550,Tunai,Lunas
TRX-20260825-1843,2026-08-25,07:30,Eceran Umum,Umum,Potong 12,1,1.74,1.31,0.43,0.754,36500,38280,47815,9535,Tunai,Lunas
TRX-20260825-1844,2026-08-25,06:55,Pecel Lele & Ayam Lamongan Cak Har,Langganan,Potong 8,23,43.88,32.73,11.15,0.746,36500,965360,1194645,229285,Tempo_3H,Belum Lunas
TRX-20260825-1845,2026-08-25,04:09,Warung Nasi Sunda Ibu Imas,Langganan,Fillet Dada,34,62.58,44.49,18.09,0.711,48000,1376760,2135520,758760,Tempo_7H,Belum Lunas
TRX-20260826-1846,2026-08-26,04:55,Ayam Geprek Sambal Bawang,Langganan,Fillet Dada,21,43.01,31.48,11.53,0.732,48000,946220,1511040,564820,Tunai,Belum Lunas
TRX-20260826-1847,2026-08-26,04:29,Eceran Umum,Umum,Potong 4,1,1.93,1.46,0.47,0.759,35000,42460,51100,8640,Tunai,Lunas
TRX-20260826-1848,2026-08-26,04:31,Ayam Geprek Sambal Bawang,Langganan,Karkas Utuh,25,45.21,33.95,11.26,0.751,35000,994620,1188250,193630,Tunai,Belum Lunas
TRX-20260826-1849,2026-08-26,04:15,Pecel Lele & Ayam Lamongan Cak Har,Langganan,Potong 4,7,14.0,10.26,3.74,0.733,35000,308000,359100,51100,Tempo_3H,Belum Lunas
TRX-20260826-1850,2026-08-26,09:20,Ayam Geprek Sambal Bawang,Langganan,Karkas Utuh,12,25.45,18.15,7.3,0.713,35000,559900,635250,75350,Tunai,Belum Lunas
TRX-20260826-1851,2026-08-26,06:52,Depot Mie Pangsit 88,Langganan,Karkas Utuh,5,11.46,8.64,2.82,0.754,35000,252120,302400,50280,Tempo_3H,Belum Lunas
TRX-20260826-1852,2026-08-26,03:55,Eceran Umum,Umum,Potong 8,1,1.8,1.37,0.43,0.759,36500,39600,50005,10405,Tunai,Lunas
TRX-20260826-1853,2026-08-26,07:00,Eceran Umum,Umum,Potong 12,1,1.73,1.29,0.44,0.743,36500,38060,47085,9025,Tunai,Lunas
TRX-20260826-1854,2026-08-26,03:11,Eceran Umum,Umum,Karkas Utuh,1,2.15,1.55,0.6,0.721,35000,47300,54250,6950,Tunai,Lunas
TRX-20260826-1855,2026-08-26,09:30,Warung Padang Roda Jaya,Langganan,Potong 4,23,46.96,35.22,11.74,0.75,35000,1033120,1232700,199580,Tempo_7H,Belum Lunas
TRX-20260826-1856,2026-08-26,05:19,Pecel Lele & Ayam Lamongan Cak Har,Langganan,Potong 12,13,27.36,19.64,7.72,0.718,36500,601920,716860,114940,Tempo_3H,Belum Lunas
TRX-20260826-1857,2026-08-26,04:39,Eceran Umum,Umum,Campur,1,1.9,1.39,0.51,0.729,35000,41800,48650,6850,Tunai,Lunas
TRX-20260826-1858,2026-08-26,08:30,Eceran Umum,Umum,Fillet Dada,2,4.11,3.02,1.09,0.736,48000,90420,144960,54540,Tunai,Lunas
TRX-20260826-1859,2026-08-26,04:41,Ayam Geprek Sambal Bawang,Langganan,Karkas Utuh,19,38.85,28.48,10.37,0.733,35000,854700,996800,142100,Tunai,Lunas
TRX-20260826-1860,2026-08-26,05:19,Bakso Solo Mas Mul,Langganan,Potong 12,5,10.71,8.11,2.6,0.757,36500,235620,296015,60395,Tempo_7H,Belum Lunas
TRX-20260826-1861,2026-08-26,07:11,Ayam Geprek Sambal Bawang,Langganan,Potong 12,21,37.84,27.36,10.48,0.723,36500,832480,998640,166160,Tunai,Belum Lunas
TRX-20260826-1862,2026-08-26,06:58,Warung Padang Roda Jaya,Langganan,Potong 4,8,15.16,10.9,4.26,0.719,35000,333520,381500,47980,Tempo_7H,Belum Lunas
TRX-20260826-1863,2026-08-26,03:51,Katering Berkah Ibu,Langganan,Potong 12,19,36.77,26.84,9.93,0.73,36500,808940,979660,170720,Tempo_14H,Belum Lunas
TRX-20260826-1864,2026-08-26,03:33,Eceran Umum,Umum,Potong 8,1,2.05,1.51,0.54,0.737,36500,45099,55115,10016,Tunai,Lunas
TRX-20260827-1865,2026-08-27,05:58,Eceran Umum,Umum,Potong 8,2,3.86,2.86,1.0,0.74,36500,84920,104390,19470,Tunai,Lunas
TRX-20260827-1866,2026-08-27,06:23,Eceran Umum,Umum,Karkas Utuh,1,2.14,1.58,0.56,0.738,35000,47080,55300,8220,Tunai,Lunas
TRX-20260827-1867,2026-08-27,09:14,Eceran Umum,Umum,Potong 4,2,3.58,2.58,1.0,0.722,35000,78760,90300,11540,Tunai,Lunas
TRX-20260827-1868,2026-08-27,06:22,Pecel Lele & Ayam Lamongan Cak Har,Langganan,Karkas Utuh,20,37.55,27.75,9.8,0.739,35000,826099,971250,145151,Tempo_3H,Belum Lunas
TRX-20260827-1869,2026-08-27,05:19,Eceran Umum,Umum,Fillet Dada,1,1.93,1.42,0.51,0.738,48000,42460,68160,25700,Tunai,Lunas
TRX-20260827-1870,2026-08-27,05:35,Pecel Lele & Ayam Lamongan Cak Har,Langganan,Potong 4,19,41.13,31.01,10.12,0.754,35000,904860,1085350,180490,Tempo_3H,Belum Lunas
TRX-20260827-1871,2026-08-27,07:30,Ayam Geprek Sambal Bawang,Langganan,Fillet Dada,26,52.42,38.79,13.63,0.74,48000,1153240,1861920,708680,Tunai,Belum Lunas
TRX-20260827-1872,2026-08-27,07:22,Eceran Umum,Umum,Potong 12,1,1.8,1.36,0.44,0.753,36500,39600,49640,10040,Tunai,Lunas
TRX-20260827-1873,2026-08-27,05:00,Katering Berkah Ibu,Langganan,Potong 4,19,34.75,25.47,9.28,0.733,35000,764500,891450,126950,Tempo_14H,Belum Lunas
TRX-20260827-1874,2026-08-27,04:01,Eceran Umum,Umum,Karkas Utuh,2,3.43,2.53,0.9,0.739,35000,75460,88550,13090,Tunai,Lunas
TRX-20260827-1875,2026-08-27,07:04,Warung Padang Roda Jaya,Langganan,Potong 4,28,53.3,38.75,14.55,0.727,35000,1172600,1356250,183650,Tempo_7H,Lunas
TRX-20260827-1876,2026-08-27,10:19,Eceran Umum,Umum,Potong 12,2,4.17,3.14,1.03,0.752,36500,91740,114610,22870,Tunai,Lunas
TRX-20260827-1877,2026-08-27,03:47,Pecel Lele & Ayam Lamongan Cak Har,Langganan,Potong 12,6,11.93,9.05,2.88,0.759,36500,262460,330325,67865,Tempo_3H,Belum Lunas
TRX-20260827-1878,2026-08-27,04:50,Warung Nasi Sunda Ibu Imas,Langganan,Potong 8,23,52.78,37.9,14.88,0.718,36500,1161160,1383350,222190,Tempo_7H,Belum Lunas
TRX-20260827-1879,2026-08-27,05:52,Pecel Lele & Ayam Lamongan Cak Har,Langganan,Karkas Utuh,25,50.32,37.24,13.08,0.74,35000,1107040,1303400,196360,Tempo_3H,Lunas
TRX-20260827-1880,2026-08-27,06:04,Pecel Lele & Ayam Lamongan Cak Har,Langganan,Potong 4,17,35.63,25.33,10.3,0.711,35000,783860,886549,102689,Tempo_3H,Lunas
TRX-20260827-1881,2026-08-27,04:03,Depot Mie Pangsit 88,Langganan,Campur,17,31.06,22.55,8.51,0.726,35000,683320,789250,105930,Tempo_3H,Lunas
TRX-20260827-1882,2026-08-27,06:44,Depot Mie Pangsit 88,Langganan,Potong 4,24,53.87,40.03,13.84,0.743,35000,1185140,1401050,215910,Tempo_3H,Belum Lunas
TRX-20260827-1883,2026-08-27,04:25,Depot Mie Pangsit 88,Langganan,Karkas Utuh,33,64.46,47.31,17.15,0.734,35000,1418119,1655850,237731,Tempo_3H,Lunas
TRX-20260828-1884,2026-08-28,03:50,Warung Padang Roda Jaya,Langganan,Karkas Utuh,24,50.56,37.26,13.3,0.737,35000,1112320,1304100,191780,Tempo_7H,Belum Lunas
TRX-20260828-1885,2026-08-28,08:29,Katering Berkah Ibu,Langganan,Fillet Dada,10,19.24,14.31,4.93,0.744,48000,423279,686880,263601,Tempo_14H,Belum Lunas
TRX-20260828-1886,2026-08-28,07:57,Eceran Umum,Umum,Potong 4,1,1.99,1.43,0.56,0.717,35000,43780,50050,6270,Tunai,Lunas
TRX-20260828-1887,2026-08-28,07:07,Warung Nasi Sunda Ibu Imas,Langganan,Karkas Utuh,33,65.09,46.34,18.75,0.712,35000,1431980,1621900,189920,Tempo_7H,Belum Lunas
TRX-20260828-1888,2026-08-28,03:36,Eceran Umum,Umum,Karkas Utuh,1,2.08,1.56,0.52,0.751,35000,45760,54600,8840,Tunai,Lunas
TRX-20260828-1889,2026-08-28,04:07,Eceran Umum,Umum,Potong 12,1,2.17,1.62,0.55,0.746,36500,47740,59130,11390,Tunai,Lunas
TRX-20260828-1890,2026-08-28,06:25,Ayam Geprek Sambal Bawang,Langganan,Potong 12,22,39.95,29.76,10.19,0.745,36500,878900,1086240,207340,Tunai,Belum Lunas
TRX-20260828-1891,2026-08-28,05:55,Depot Mie Pangsit 88,Langganan,Potong 8,7,14.25,10.39,3.86,0.729,36500,313500,379235,65735,Tempo_3H,Belum Lunas
TRX-20260828-1892,2026-08-28,06:32,Warung Padang Roda Jaya,Langganan,Campur,26,58.38,42.27,16.11,0.724,35000,1284360,1479450,195090,Tempo_7H,Lunas
TRX-20260828-1893,2026-08-28,04:09,Eceran Umum,Umum,Campur,2,3.48,2.5,0.98,0.717,35000,76560,87500,10940,Tunai,Lunas
TRX-20260828-1894,2026-08-28,06:43,Eceran Umum,Umum,Potong 12,1,2.17,1.56,0.61,0.72,36500,47740,56940,9200,Tunai,Lunas
TRX-20260828-1895,2026-08-28,04:08,Eceran Umum,Umum,Potong 8,1,1.99,1.49,0.5,0.747,36500,43780,54385,10605,Tunai,Lunas
TRX-20260828-1896,2026-08-28,03:12,Warung Padang Roda Jaya,Langganan,Potong 4,15,32.39,23.35,9.04,0.721,35000,712580,817250,104670,Tempo_7H,Belum Lunas
TRX-20260828-1897,2026-08-28,05:40,Pecel Lele & Ayam Lamongan Cak Har,Langganan,Potong 8,14,29.95,22.4,7.55,0.748,36500,658900,817600,158700,Tempo_3H,Belum Lunas
TRX-20260828-1898,2026-08-28,05:23,Eceran Umum,Umum,Karkas Utuh,1,2.05,1.55,0.5,0.756,35000,45099,54250,9151,Tunai,Lunas
TRX-20260828-1899,2026-08-28,03:55,Eceran Umum,Umum,Karkas Utuh,2,3.69,2.66,1.03,0.722,35000,81180,93100,11920,Tunai,Lunas
TRX-20260828-1900,2026-08-28,03:09,Bakso Solo Mas Mul,Langganan,Potong 4,6,11.6,8.58,3.02,0.74,35000,255200,300300,45100,Tempo_7H,Belum Lunas
TRX-20260828-1901,2026-08-28,05:19,Katering Berkah Ibu,Langganan,Karkas Utuh,15,32.69,23.73,8.96,0.726,35000,719180,830550,111370,Tempo_14H,Lunas
TRX-20260828-1902,2026-08-28,03:37,Eceran Umum,Umum,Potong 8,2,3.74,2.8,0.94,0.748,36500,82280,102200,19920,Tunai,Lunas
TRX-20260828-1903,2026-08-28,07:20,Eceran Umum,Umum,Karkas Utuh,2,4.13,3.09,1.04,0.747,35000,90860,108150,17290,Tunai,Lunas
TRX-20260828-1904,2026-08-28,04:46,Eceran Umum,Umum,Potong 4,2,4.04,2.9,1.14,0.719,35000,88880,101500,12620,Tunai,Lunas
TRX-20260829-1905,2026-08-29,04:41,Bakso Solo Mas Mul,Langganan,Potong 8,29,62.29,44.6,17.69,0.716,36500,1370380,1627900,257520,Tempo_7H,Belum Lunas
TRX-20260829-1906,2026-08-29,04:27,Eceran Umum,Umum,Karkas Utuh,1,1.75,1.31,0.44,0.748,35000,38500,45850,7350,Tunai,Lunas
TRX-20260829-1907,2026-08-29,04:34,Eceran Umum,Umum,Fillet Dada,2,3.88,2.76,1.12,0.712,48000,85360,132480,47120,Tunai,Lunas
TRX-20260829-1908,2026-08-29,05:46,Depot Mie Pangsit 88,Langganan,Karkas Utuh,14,28.26,20.21,8.05,0.715,35000,621720,707350,85630,Tempo_3H,Belum Lunas
TRX-20260829-1909,2026-08-29,03:43,Bakso Solo Mas Mul,Langganan,Potong 12,30,66.56,49.32,17.24,0.741,36500,1464320,1800180,335860,Tempo_7H,Lunas
TRX-20260829-1910,2026-08-29,03:30,Eceran Umum,Umum,Campur,1,1.76,1.27,0.49,0.721,35000,38720,44450,5730,Tunai,Lunas
TRX-20260829-1911,2026-08-29,04:23,Eceran Umum,Umum,Potong 4,2,4.08,3.09,0.99,0.758,35000,89760,108150,18390,Tunai,Lunas
TRX-20260829-1912,2026-08-29,05:14,Warung Nasi Sunda Ibu Imas,Langganan,Potong 8,7,12.89,9.15,3.74,0.71,36500,283580,333975,50395,Tempo_7H,Lunas
TRX-20260829-1913,2026-08-29,07:48,Depot Mie Pangsit 88,Langganan,Fillet Dada,14,28.81,20.6,8.21,0.715,48000,633820,988800,354980,Tempo_3H,Belum Lunas
TRX-20260829-1914,2026-08-29,03:24,Eceran Umum,Umum,Karkas Utuh,2,4.2,3.13,1.07,0.746,35000,92400,109550,17150,Tunai,Lunas
TRX-20260829-1915,2026-08-29,06:13,Pecel Lele & Ayam Lamongan Cak Har,Langganan,Fillet Dada,12,24.68,17.97,6.71,0.728,48000,542960,862560,319600,Tempo_3H,Belum Lunas
TRX-20260829-1916,2026-08-29,05:31,Eceran Umum,Umum,Fillet Dada,2,4.37,3.16,1.21,0.723,48000,96140,151680,55540,Tunai,Lunas
TRX-20260829-1917,2026-08-29,03:42,Eceran Umum,Umum,Potong 12,1,2.01,1.51,0.5,0.751,36500,44219,55115,10896,Tunai,Lunas
TRX-20260829-1918,2026-08-29,04:49,Eceran Umum,Umum,Karkas Utuh,1,2.01,1.45,0.56,0.72,35000,44219,50750,6531,Tunai,Lunas
TRX-20260829-1919,2026-08-29,03:20,Eceran Umum,Umum,Karkas Utuh,2,3.42,2.49,0.93,0.729,35000,75240,87150,11910,Tunai,Lunas
TRX-20260829-1920,2026-08-29,06:58,Katering Berkah Ibu,Langganan,Potong 8,32,65.94,50.05,15.89,0.759,36500,1450680,1826825,376145,Tempo_14H,Lunas
TRX-20260829-1921,2026-08-29,05:12,Depot Mie Pangsit 88,Langganan,Campur,5,9.69,7.06,2.63,0.729,35000,213180,247100,33920,Tempo_3H,Belum Lunas
TRX-20260829-1922,2026-08-29,05:16,Eceran Umum,Umum,Potong 12,1,2.08,1.49,0.59,0.718,36500,45760,54385,8625,Tunai,Lunas
TRX-20260829-1923,2026-08-29,08:58,Depot Mie Pangsit 88,Langganan,Potong 8,10,21.75,16.12,5.63,0.741,36500,478500,588380,109880,Tempo_3H,Lunas
TRX-20260829-1924,2026-08-29,05:02,Eceran Umum,Umum,Karkas Utuh,1,2.19,1.6,0.59,0.729,35000,48180,56000,7820,Tunai,Lunas
TRX-20260829-1925,2026-08-29,05:31,Eceran Umum,Umum,Potong 8,1,1.85,1.39,0.46,0.753,36500,40700,50735,10035,Tunai,Lunas
TRX-20260829-1926,2026-08-29,04:21,Warung Nasi Sunda Ibu Imas,Langganan,Karkas Utuh,10,21.0,15.01,5.99,0.715,35000,462000,525350,63350,Tempo_7H,Belum Lunas
TRX-20260829-1927,2026-08-29,06:43,Eceran Umum,Umum,Potong 8,2,4.32,3.15,1.17,0.73,36500,95040,114975,19935,Tunai,Lunas
TRX-20260829-1928,2026-08-29,04:09,Eceran Umum,Umum,Potong 4,1,1.93,1.38,0.55,0.717,35000,42460,48299,5839,Tunai,Lunas
TRX-20260829-1929,2026-08-29,04:00,Eceran Umum,Umum,Karkas Utuh,1,1.74,1.28,0.46,0.736,35000,38280,44800,6520,Tunai,Lunas
TRX-20260829-1930,2026-08-29,05:27,Eceran Umum,Umum,Karkas Utuh,1,1.87,1.35,0.52,0.72,35000,41140,47250,6110,Tunai,Lunas
TRX-20260829-1931,2026-08-29,06:26,Pecel Lele & Ayam Lamongan Cak Har,Langganan,Potong 12,22,43.28,32.81,10.47,0.758,36500,952160,1197565,245405,Tempo_3H,Belum Lunas
TRX-20260829-1932,2026-08-29,05:51,Eceran Umum,Umum,Potong 8,1,1.79,1.32,0.47,0.739,36500,39380,48180,8800,Tunai,Lunas
TRX-20260829-1933,2026-08-29,06:08,Katering Berkah Ibu,Langganan,Potong 8,5,9.19,6.97,2.22,0.758,36500,202180,254405,52225,Tempo_14H,Belum Lunas
TRX-20260829-1934,2026-08-29,06:14,Depot Mie Pangsit 88,Langganan,Potong 4,20,43.55,32.66,10.89,0.75,35000,958099,1143099,185000,Tempo_3H,Belum Lunas
TRX-20260829-1935,2026-08-29,03:57,Warung Padang Roda Jaya,Langganan,Potong 4,13,25.42,19.27,6.15,0.758,35000,559240,674450,115210,Tempo_7H,Belum Lunas
TRX-20260829-1936,2026-08-29,05:54,Katering Berkah Ibu,Langganan,Potong 12,20,39.75,28.42,11.33,0.715,36500,874500,1037330,162830,Tempo_14H,Belum Lunas
TRX-20260829-1937,2026-08-29,08:09,Ayam Geprek Sambal Bawang,Langganan,Potong 4,19,36.78,26.19,10.59,0.712,35000,809160,916650,107490,Tunai,Belum Lunas
